"","E1_Skin_515F_806R_03","E1_Skin_515F_806R_04","E1_Skin_515F_806R_05","E1_Skin_515F_806R_06","E1_Skin_tr515F_tr515R_01","E1_Skin_tr515F_tr515R_02","E1_Skin_tr515F_tr515R_03","E1_Skin_tr515F_tr515R_04","E1_Skin_tr515F_tr515R_05","E1_Skin_tr515F_tr515R_06","E1_Skin_tr515F_tr515R_07","E1_Skin_tr515F_tr515R_08","E2_Soil_515F_806R_03","E2_Soil_515F_806R_04","E2_Soil_515F_806R_05","E2_Soil_515F_806R_06","E2_Soil_515F_806R_07","E2_Soil_515F_806R_08","E2_Soil_tr515F_tr515R_01","E2_Soil_tr515F_tr515R_02","E2_Soil_tr515F_tr515R_03","E2_Soil_tr515F_tr515R_04","E2_Soil_tr515F_tr515R_05","E2_Soil_tr515F_tr515R_06","E2_Soil_tr515F_tr515R_07","E2_Soil_tr515F_tr515R_08"
"d__Bacteria;p__Firmicutes;c__Clostridia;o__Oscillospirales;f__Ruminococcaceae",70,47,49,52,94,82,63,95,71,104,94,66,12,9,9,8,8,11,7,10,3,10,9,2,0,0
"d__Bacteria;p__Planctomycetota;c__Planctomycetes;o__Gemmatales;f__Gemmataceae",5,3,6,7,7,5,2,2,9,7,17,0,4170,4148,4168,3693,4023,3749,6259,6251,5895,6022,5945,5658,5673,5179
"d__Bacteria;p__Actinobacteriota;c__Thermoleophilia;o__Solirubrobacterales;f__Solirubrobacteraceae",2,10,1,1,10,2,2,8,1,0,2,0,4793,5261,5262,4875,4700,4020,3733,4120,4427,4647,4415,4323,4724,3465
"d__Bacteria;p__Bacteroidota;c__Bacteroidia;o__Cytophagales;f__Hymenobacteraceae",5,4,1,11,0,7,3,3,0,4,12,3,1753,1570,1728,1660,1823,1778,1565,1428,1390,1448,1634,1620,1513,1745
"d__Bacteria;p__Planctomycetota;c__Planctomycetes;o__Isosphaerales;f__Isosphaeraceae",1,0,6,0,0,2,1,0,0,0,0,0,6043,6441,6210,5956,5762,4770,8607,8285,8939,8736,8296,7902,7398,6317
"d__Bacteria;__;__;__;__",1,8,2,2,5,0,2,8,6,2,1,2,1263,1210,1281,1188,1136,1339,1171,1073,936,1091,1064,972,1116,1135
"d__Bacteria;p__Actinobacteriota;c__Actinobacteria;o__Pseudonocardiales;f__Pseudonocardiaceae",0,7,6,2,0,0,1,0,2,2,0,0,6059,5679,5644,5820,5918,5344,5774,5944,5409,5631,6077,6050,5834,5431
"d__Bacteria;p__Firmicutes;c__Clostridia;o__Peptococcales;f__Peptococcaceae",3,9,0,3,0,0,2,2,2,4,0,4,1,4,8,1,3,3,0,2,4,14,5,0,5,2
"d__Bacteria;p__Verrucomicrobiota;c__Verrucomicrobiae;o__Pedosphaerales;f__Pedosphaeraceae",0,0,0,0,0,2,2,0,1,1,1,0,911,998,948,968,905,1043,795,862,802,813,776,785,854,766
"d__Bacteria;p__Proteobacteria;c__Gammaproteobacteria;o__Burkholderiales;f__Neisseriaceae",196,217,178,154,163,135,168,171,183,156,183,167,0,0,0,0,0,0,0,0,0,0,0,0,0,0
"d__Bacteria;p__Actinobacteriota;c__Actinobacteria;o__Micrococcales;f__Cellulomonadaceae",2,2,0,0,3,0,0,0,0,2,1,0,611,640,596,549,618,551,401,483,472,531,504,443,504,395
"d__Bacteria;p__Verrucomicrobiota;c__Verrucomicrobiae;o__Chthoniobacterales;f__Chthoniobacteraceae",5,5,5,0,9,0,2,1,6,0,11,3,1576,1492,1598,1480,1460,1751,2189,2084,1894,1985,2235,2155,2033,2167
"d__Bacteria;p__Planctomycetota;c__Phycisphaerae;o__Tepidisphaerales;f__WD2101_soil_group",0,0,5,3,0,0,0,0,0,0,0,0,3161,3353,3081,3204,3068,3142,4492,4158,4116,4202,3723,3921,3431,3742
"d__Bacteria;p__Bacteroidota;c__Bacteroidia;o__Chitinophagales;f__Chitinophagaceae",51,37,43,26,28,40,25,52,27,43,57,27,10428,10325,11131,10392,10895,11183,8287,8162,8103,8773,8350,8487,8570,9227
"d__Bacteria;p__Patescibacteria;c__Saccharimonadia;o__Saccharimonadales;f__Saccharimonadales",9,6,6,5,10,37,18,11,6,7,11,10,173,246,235,260,197,199,279,296,255,275,242,218,191,315
"d__Bacteria;p__Actinobacteriota;c__Actinobacteria;o__Micromonosporales;f__Micromonosporaceae",3,1,0,1,0,2,0,0,7,5,2,0,7598,7807,7687,8007,8310,7227,6640,6995,7003,6830,7036,6770,6950,6333
"d__Bacteria;p__Firmicutes;c__Clostridia;o__Lachnospirales;f__Lachnospiraceae",150,151,165,177,136,196,157,168,165,165,184,174,124,75,104,93,94,104,130,59,76,57,78,106,73,130
"d__Bacteria;p__Bdellovibrionota;c__Bdellovibrionia;o__Bdellovibrionales;f__Bdellovibrionaceae",5,4,2,2,0,3,2,1,9,5,5,0,363,298,359,423,339,401,379,262,255,266,286,292,261,295
"d__Bacteria;p__Proteobacteria;c__Gammaproteobacteria;o__Oceanospirillales;f__Halomonadaceae",4,0,0,2,0,0,0,1,1,0,0,3,0,0,0,0,0,0,0,0,0,0,0,0,0,0
"d__Bacteria;p__Firmicutes;c__Bacilli;o__RF39;f__RF39",3,0,0,2,0,3,0,0,0,1,0,0,0,0,0,0,0,0,0,0,0,0,0,0,0,0
"d__Bacteria;p__Bacteroidota;c__Bacteroidia;o__Bacteroidales;f__Rikenellaceae",1,0,1,1,3,8,1,5,1,3,3,2,0,0,0,0,0,0,0,0,0,0,0,0,0,0
"d__Bacteria;p__Firmicutes;c__Clostridia;o__Monoglobales;f__Monoglobaceae",11,0,0,0,0,0,0,0,3,4,0,4,0,0,0,0,0,0,0,0,0,0,0,0,0,0
"d__Bacteria;p__Actinobacteriota;c__Actinobacteria;o__Micrococcales;f__Dermacoccaceae",103,118,145,110,117,100,86,78,109,95,117,124,0,0,0,0,0,0,0,0,0,0,0,0,0,0
"d__Bacteria;p__Planctomycetota;c__Planctomycetes;o__Planctomycetales;f__Rubinisphaeraceae",0,2,0,4,0,0,0,0,0,1,0,0,72,55,65,79,52,88,76,86,59,90,62,91,68,94
"d__Bacteria;p__Firmicutes;c__Bacilli;o__Bacillales;f__Planococcaceae",4,3,3,6,12,8,4,3,0,3,0,0,637,638,563,567,614,713,554,534,459,518,636,499,473,485
"d__Bacteria;p__Chloroflexi;c__Chloroflexia;o__Thermomicrobiales;f__JG30-KF-CM45",3,1,3,1,10,6,0,4,5,3,8,0,8094,7987,7889,8044,8065,7601,12391,11160,11436,11054,10455,10727,10144,9896
"d__Bacteria;p__Proteobacteria;c__Gammaproteobacteria;o__Diplorickettsiales;f__Diplorickettsiaceae",0,1,0,1,0,0,0,0,9,0,0,0,68,81,88,77,74,97,87,66,56,95,102,65,98,73
"d__Bacteria;p__Proteobacteria;c__Alphaproteobacteria;o__Rhodospirillales;f__uncultured",0,6,4,2,0,0,0,5,1,1,0,0,24,11,22,22,23,31,20,22,8,29,29,21,0,20
"d__Bacteria;p__Proteobacteria;c__Alphaproteobacteria;o__Acetobacterales;f__Acetobacteraceae",21,17,21,25,6,25,21,12,19,17,25,14,6063,6287,6106,6160,6174,6001,5401,6008,6098,6050,6100,6158,5879,5616
"d__Bacteria;p__Chloroflexi;c__TK10;o__TK10;f__TK10",3,0,0,2,0,1,8,0,0,6,0,0,8730,8542,8701,8248,8384,8498,10370,10367,10616,10125,10063,10363,10305,10358
"d__Bacteria;p__Proteobacteria;c__Gammaproteobacteria;o__Pseudomonadales;f__Moraxellaceae",1094,1040,1083,1102,1011,928,994,955,918,907,1004,934,20,28,22,31,18,24,24,10,22,12,9,16,10,17
"d__Bacteria;p__Proteobacteria;c__Alphaproteobacteria;__;__",4,3,1,0,0,4,0,0,0,0,0,0,299,365,382,362,370,444,314,383,278,305,296,344,347,330
"d__Bacteria;p__Firmicutes;c__Clostridia;o__Christensenellales;f__Christensenellaceae",1,0,6,3,0,0,0,2,1,7,5,9,0,0,0,0,0,0,0,0,0,0,0,0,0,0
"d__Bacteria;p__Proteobacteria;c__Gammaproteobacteria;o__Burkholderiales;f__Oxalobacteraceae",3,3,2,15,10,8,16,5,7,9,12,9,2970,2874,2608,2770,2950,3009,2606,2589,2328,2632,2495,2482,2675,2731
"d__Bacteria;p__Gemmatimonadota;c__S0134_terrestrial_group;o__S0134_terrestrial_group;f__S0134_terrestrial_group",0,2,1,0,0,0,0,0,0,4,0,0,532,497,359,422,475,470,426,455,436,486,330,405,418,441
"d__Bacteria;p__Patescibacteria;c__Saccharimonadia;o__Saccharimonadales;__",1,0,2,1,0,0,2,1,0,1,0,0,87,100,75,109,81,74,126,119,150,118,86,98,93,112
"d__Bacteria;p__Myxococcota;c__Polyangia;o__Polyangiales;f__BIrii41",0,0,5,0,2,0,0,0,0,0,0,0,747,845,740,935,854,791,806,633,718,821,647,744,840,703
"d__Bacteria;p__Acidobacteriota;c__Blastocatellia;o__Blastocatellales;f__Blastocatellaceae",2,0,3,2,13,11,9,3,9,0,1,0,2871,2753,2892,3048,3077,3265,3670,3585,3853,3988,4001,4135,4201,4362
"d__Bacteria;p__Proteobacteria;c__Alphaproteobacteria;o__Rhizobiales;f__Hyphomicrobiaceae",1,4,0,0,3,0,0,0,0,1,0,0,93,132,128,121,104,122,120,90,126,123,137,121,78,149
"d__Bacteria;p__Proteobacteria;c__Alphaproteobacteria;o__Azospirillales;f__Azospirillaceae",0,2,0,3,0,3,4,0,0,0,2,0,6387,6817,6672,6725,7086,7195,6121,6357,6192,6052,6196,6399,6550,7031
"d__Bacteria;p__Actinobacteriota;c__Actinobacteria;o__Corynebacteriales;f__Mycobacteriaceae",37,30,44,58,49,40,28,26,39,22,51,38,959,1007,943,937,803,1040,882,921,930,926,976,1018,1021,896
"d__Bacteria;p__Proteobacteria;c__Alphaproteobacteria;o__Rhodobacterales;f__Rhodobacteraceae",876,956,1045,970,696,673,857,798,855,777,842,772,602,683,558,737,740,629,582,651,613,573,706,531,639,571
"d__Bacteria;p__Actinobacteriota;c__Actinobacteria;o__Propionibacteriales;f__Nocardioidaceae",21,24,21,8,21,15,25,8,22,17,10,7,3613,3765,3475,3731,3710,3137,3343,3654,3614,3499,3575,3369,3401,3195
"d__Bacteria;p__Proteobacteria;c__Alphaproteobacteria;o__Micavibrionales;f__uncultured",7,7,4,7,8,0,2,11,12,1,4,3,29,28,24,28,29,15,12,9,12,10,20,51,20,26
"d__Bacteria;p__Actinobacteriota;c__Actinobacteria;o__Micrococcales;f__Micrococcaceae",489,449,447,497,383,292,343,364,322,374,359,347,1345,1475,1348,1454,1326,1457,1120,1151,1161,1065,996,1257,1226,1262
"d__Bacteria;p__Patescibacteria;c__Saccharimonadia;o__Saccharimonadales;f__LWQ8",0,0,0,0,1,0,0,2,0,0,4,1,288,253,241,220,270,209,361,399,293,339,294,365,300,378
"d__Bacteria;p__Actinobacteriota;c__Thermoleophilia;o__Solirubrobacterales;f__67-14",1,11,4,1,4,9,9,3,1,4,4,6,5447,5731,5682,5470,5207,5350,4587,4753,5016,4777,4686,5182,4982,4552
"d__Bacteria;p__Chloroflexi;c__KD4-96;o__KD4-96;f__KD4-96",2,3,8,8,5,8,1,4,3,6,3,7,1337,1588,1437,1554,1386,1289,1935,1922,2017,2055,2033,1848,1934,1928
"d__Bacteria;p__Actinobacteriota;c__Actinobacteria;o__Micrococcales;f__Microbacteriaceae",150,170,159,162,149,156,103,162,155,176,121,163,1355,1402,1496,1392,1506,1314,1383,1304,1367,1407,1285,1410,1450,1258
"d__Bacteria;p__Planctomycetota;c__Planctomycetes;o__Pirellulales;f__Pirellulaceae",3,3,2,8,0,7,7,15,2,4,3,3,676,663,735,614,550,613,803,973,809,827,769,739,748,957
"d__Bacteria;p__Firmicutes;c__Bacilli;o__Bacillales;__",0,1,1,2,0,0,0,2,0,1,0,0,51,30,27,22,33,38,28,36,27,46,36,7,48,44
"d__Bacteria;p__Proteobacteria;c__Gammaproteobacteria;o__Xanthomonadales;f__Xanthomonadaceae",366,365,378,346,250,303,322,291,306,348,328,308,865,978,931,938,941,1048,839,849,798,887,862,871,885,848
"d__Bacteria;p__Proteobacteria;c__Alphaproteobacteria;o__Caulobacterales;f__Caulobacteraceae",69,74,91,83,59,66,61,58,74,68,99,48,1458,1368,1634,1537,1570,1392,1219,1236,1312,1356,1420,1295,1424,1248
"d__Bacteria;p__Proteobacteria;c__Alphaproteobacteria;o__Rhizobiales;f__Xanthobacteraceae",15,22,25,24,5,4,16,8,3,8,15,8,4899,4715,4577,5024,4715,4971,3966,4226,4137,4220,4216,4218,4438,4634
"d__Bacteria;p__Actinobacteriota;c__Actinobacteria;o__Corynebacteriales;f__Nocardiaceae",102,112,115,123,77,82,113,95,85,95,99,81,72,59,81,102,91,91,75,72,84,71,96,66,85,76
"d__Bacteria;p__Chloroflexi;c__Gitt-GS-136;o__Gitt-GS-136;f__Gitt-GS-136",0,0,1,1,0,2,3,0,4,8,0,0,15,3,11,3,15,14,13,6,35,6,7,16,25,5
"d__Bacteria;p__Proteobacteria;c__Alphaproteobacteria;o__Sphingomonadales;f__Sphingomonadaceae",255,233,193,231,143,177,164,170,186,176,194,149,5667,5179,5375,5368,5359,5557,4814,4915,4720,4834,4689,4665,4997,5420
"d__Bacteria;p__Acidobacteriota;c__Vicinamibacteria;o__Vicinamibacterales;f__uncultured",0,0,4,3,0,9,7,5,7,3,0,0,5699,5707,5454,5457,5682,5727,7737,7953,7269,7194,7374,7244,7657,7481
"d__Bacteria;p__Acidobacteriota;c__Vicinamibacteria;o__Vicinamibacterales;f__Vicinamibacteraceae",7,4,6,9,12,4,1,7,4,2,2,4,6098,5757,5990,6021,6294,6114,8266,7935,7974,7598,7821,7677,7387,7920
"d__Bacteria;p__Actinobacteriota;c__Thermoleophilia;o__Gaiellales;f__uncultured",10,1,9,4,9,5,6,3,1,12,2,4,3696,3610,3835,3615,3716,3492,3194,3195,3364,3333,3250,3466,3134,2934
"d__Bacteria;p__Firmicutes;c__Clostridia;o__Clostridiales;f__Clostridiaceae",3,7,3,1,3,2,7,0,3,1,3,0,162,129,180,180,149,182,134,110,148,139,141,153,148,138
"d__Bacteria;p__Actinobacteriota;c__Actinobacteria;o__Bifidobacteriales;f__Bifidobacteriaceae",265,243,255,259,689,668,692,754,620,657,502,616,0,0,0,0,0,0,0,0,0,0,0,0,0,0
"d__Bacteria;p__Bdellovibrionota;c__Bdellovibrionia;o__Bacteriovoracales;f__Bacteriovoracaceae",0,0,0,2,0,0,0,1,4,0,2,0,67,75,33,65,44,87,74,59,52,53,74,69,47,61
"d__Bacteria;p__Bacteroidota;c__Bacteroidia;o__Cytophagales;f__Microscillaceae",5,0,5,0,0,0,0,0,4,2,2,4,1016,1088,1120,1131,995,1206,767,750,830,740,895,838,919,955
"d__Bacteria;p__WPS-2;c__WPS-2;o__WPS-2;f__WPS-2",3,1,4,6,0,5,13,3,4,0,0,0,14,25,12,22,19,15,38,22,11,36,31,38,21,13
"d__Bacteria;p__Myxococcota;c__Myxococcia;o__Myxococcales;f__Myxococcaceae",2,0,4,0,0,0,0,0,6,0,0,0,1365,1257,1434,1262,1309,1244,1188,1041,1009,1248,1110,978,1149,1216
"d__Bacteria;p__Proteobacteria;c__Gammaproteobacteria;o__Burkholderiales;f__Rhodocyclaceae",1,3,0,3,0,0,0,1,9,3,0,0,95,98,104,109,102,94,93,111,69,106,106,86,75,127
"d__Bacteria;p__Bacteroidota;c__Bacteroidia;o__Bacteroidales;f__Marinifilaceae",10,12,16,7,17,13,36,29,17,22,9,0,0,0,0,0,0,0,0,0,0,0,0,0,0,0
"d__Bacteria;p__Proteobacteria;c__Alphaproteobacteria;o__Rhizobiales;f__Rhizobiaceae",25,23,22,22,23,11,22,22,35,26,18,7,709,663,659,745,672,674,634,601,728,686,699,730,741,672
"d__Bacteria;p__Bacteroidota;c__Bacteroidia;o__Sphingobacteriales;f__Sphingobacteriaceae",37,25,19,24,5,5,22,23,10,26,23,24,578,626,592,563,602,582,505,466,485,468,466,502,507,568
"d__Bacteria;p__Firmicutes;c__Clostridia;o__Oscillospirales;f__Oscillospiraceae",17,13,14,13,22,0,18,10,15,25,14,3,0,0,0,0,0,0,0,0,0,0,0,0,0,0
"d__Bacteria;p__Methylomirabilota;c__Methylomirabilia;o__Rokubacteriales;f__Rokubacteriales",0,0,0,1,4,2,10,1,0,0,0,0,91,91,108,102,118,109,182,164,161,116,123,122,154,105
"d__Bacteria;p__Acidobacteriota;c__Blastocatellia;o__Pyrinomonadales;f__Pyrinomonadaceae",0,4,0,0,0,2,0,0,0,0,3,0,4304,4067,4264,3885,4074,4399,5874,5468,5689,5343,5275,5391,5825,5786
"d__Bacteria;p__Proteobacteria;c__Gammaproteobacteria;o__Burkholderiales;f__SC-I-84",2,0,0,2,1,3,2,0,0,8,5,0,793,782,772,745,777,941,702,692,790,733,645,721,677,710
"d__Bacteria;p__Bacteroidota;c__Bacteroidia;o__Cytophagales;f__Spirosomaceae",4,5,11,7,1,3,4,0,4,11,7,0,249,223,243,224,231,254,230,238,224,237,249,201,247,245
"d__Bacteria;p__Proteobacteria;c__Gammaproteobacteria;o__Pseudomonadales;f__Pseudomonadaceae",26,29,34,45,32,14,39,40,25,42,20,36,246,187,246,173,199,236,181,173,154,171,191,162,163,229
"d__Bacteria;p__Proteobacteria;c__Alphaproteobacteria;o__Rhizobiales;f__Beijerinckiaceae",31,46,31,23,31,17,35,26,23,33,29,33,29155,29823,28409,29987,30311,31126,26989,26864,26972,27503,27785,27524,28274,28634
"d__Bacteria;p__Firmicutes;c__Negativicutes;o__Veillonellales-Selenomonadales;f__Veillonellaceae",192,179,160,217,385,405,441,416,316,329,357,392,0,0,0,0,0,0,0,0,0,0,0,0,0,0
"d__Bacteria;p__Actinobacteriota;c__Acidimicrobiia;o__Microtrichales;f__uncultured",2,2,1,3,0,0,1,4,0,0,1,0,704,643,699,700,751,610,579,613,655,616,694,610,507,467
"d__Bacteria;p__Planctomycetota;c__Phycisphaerae;o__Phycisphaerales;f__Phycisphaeraceae",2,0,0,4,0,0,0,0,0,1,0,0,47,40,42,53,69,31,37,15,30,29,20,33,23,52
"d__Bacteria;p__Actinobacteriota;c__Actinobacteria;o__Corynebacteriales;f__Corynebacteriaceae",16485,16683,16700,16651,15465,15999,16470,16429,16309,16414,16533,16582,0,0,0,0,0,0,0,0,0,0,0,0,0,0
"d__Bacteria;p__Bacteroidota;c__Bacteroidia;o__Bacteroidales;f__Bacteroidaceae",594,465,524,516,1421,1182,1076,1008,1173,1085,957,990,0,0,0,0,0,0,0,0,0,0,0,0,0,0
"d__Bacteria;p__Firmicutes;c__Clostridia;o__Oscillospirales;f__[Eubacterium]_coprostanoligenes_group",0,4,0,2,4,0,0,0,4,2,2,0,0,0,0,0,0,0,0,0,0,0,0,0,0,0
"d__Bacteria;p__Acidobacteriota;c__Acidobacteriae;o__Bryobacterales;f__Bryobacteraceae",0,1,0,1,4,2,0,0,0,0,0,0,2166,1883,2073,2080,2062,2209,1169,1122,1121,1180,1141,1155,1286,1290
"d__Bacteria;p__Verrucomicrobiota;c__Verrucomicrobiae;o__Verrucomicrobiales;f__Verrucomicrobiaceae",0,1,3,0,0,2,2,0,0,2,0,0,103,114,69,117,63,112,118,139,80,102,123,104,96,59
"d__Bacteria;p__Actinobacteriota;c__Acidimicrobiia;o__IMCC26256;f__IMCC26256",0,1,3,1,4,5,1,0,3,0,0,0,647,675,729,589,672,705,517,599,505,562,690,566,629,677
"d__Bacteria;p__Actinobacteriota;c__Coriobacteriia;o__Coriobacteriales;f__Eggerthellaceae",3,9,3,2,0,13,6,1,9,7,0,5,0,0,0,0,0,0,0,0,0,0,0,0,0,0
"d__Bacteria;p__Proteobacteria;c__Alphaproteobacteria;o__Reyranellales;f__Reyranellaceae",1,3,0,3,0,0,0,0,2,0,0,0,338,389,413,393,362,394,376,389,378,312,266,310,321,323
"d__Bacteria;p__Proteobacteria;c__Gammaproteobacteria;o__Burkholderiales;f__Nitrosomonadaceae",1,0,3,0,0,0,4,0,6,0,3,3,1112,1095,1011,1089,1233,1193,961,933,951,1104,1054,1094,1051,1116
"d__Bacteria;p__Actinobacteriota;c__Thermoleophilia;o__uncultured;f__uncultured",0,2,0,1,4,0,1,0,0,0,0,0,44,29,66,42,20,34,24,49,34,31,38,38,23,43
"d__Bacteria;p__Firmicutes;c__Bacilli;o__Paenibacillales;f__Paenibacillaceae",1,1,6,0,9,4,0,2,1,0,0,5,260,313,220,274,311,319,282,265,261,252,262,191,248,246
"d__Bacteria;p__Actinobacteriota;c__Acidimicrobiia;o__Microtrichales;f__Iamiaceae",4,0,2,0,0,3,3,0,0,7,0,0,180,192,198,204,187,160,159,136,162,173,157,149,153,130
"d__Bacteria;p__Proteobacteria;c__Gammaproteobacteria;o__Enterobacterales;f__Morganellaceae",4,3,5,1,2,0,3,3,4,0,3,13,0,0,0,0,0,0,0,0,0,0,0,0,0,0
"d__Bacteria;p__Planctomycetota;c__OM190;o__OM190;f__OM190",3,0,0,4,0,0,3,0,0,0,5,0,70,55,54,71,45,32,96,98,79,46,77,85,61,89
"d__Bacteria;p__Actinobacteriota;c__Rubrobacteria;o__Rubrobacterales;f__Rubrobacteriaceae",0,0,2,1,0,0,0,4,1,0,0,0,19772,19305,19966,20541,20704,21090,17496,17354,16821,16569,17042,17565,18372,19331
"d__Bacteria;p__Actinobacteriota;c__Actinobacteria;o__Frankiales;f__Geodermatophilaceae",5,10,4,5,0,2,8,0,3,3,10,0,11523,12362,12629,12044,11195,9820,11021,12383,12340,12675,12840,12100,11116,9343
"d__Bacteria;p__Actinobacteriota;c__Thermoleophilia;o__Gaiellales;f__Gaiellaceae",4,6,6,13,6,1,2,6,2,3,2,4,886,982,927,922,835,775,741,765,787,839,843,784,731,743
"d__Bacteria;p__Bacteroidota;c__Bacteroidia;o__Bacteroidales;f__Porphyromonadaceae",43,55,61,30,25,31,27,36,38,47,48,58,0,0,0,0,0,0,0,0,0,0,0,0,0,0
"d__Bacteria;p__Proteobacteria;c__Gammaproteobacteria;o__Aeromonadales;f__Aeromonadaceae",1,0,3,2,0,9,3,6,1,1,1,0,0,0,0,0,0,0,0,0,0,0,0,0,0,0
"d__Bacteria;p__Firmicutes;c__Bacilli;o__Lactobacillales;f__Streptococcaceae",488,487,508,526,433,430,337,401,440,453,418,363,0,0,0,0,0,0,0,0,0,0,0,0,0,0
"d__Bacteria;p__Proteobacteria;c__Gammaproteobacteria;o__Burkholderiales;f__Comamonadaceae",19,24,33,35,19,47,28,23,25,25,24,31,3865,3775,3682,3704,3834,4184,3373,3125,3308,3361,3472,3523,3453,3450
"d__Bacteria;p__Spirochaetota;c__Spirochaetia;o__Spirochaetales;f__Spirochaetaceae",0,0,0,4,0,0,2,4,3,1,0,0,0,0,0,0,0,0,0,0,0,0,0,0,0,0
"d__Bacteria;p__Proteobacteria;c__Gammaproteobacteria;o__Gammaproteobacteria_Incertae_Sedis;f__Unknown_Family",0,2,4,0,0,0,0,3,0,0,0,0,950,1014,876,954,994,950,892,798,882,788,802,766,921,841
"d__Bacteria;p__Deinococcota;c__Deinococci;o__Deinococcales;f__Deinococcaceae",705,714,686,623,749,729,820,770,778,786,700,783,30,22,11,12,8,17,16,28,14,22,18,17,31,24
"d__Bacteria;p__Firmicutes;c__Bacilli;o__Bacillales;f__Bacillaceae",68,92,76,54,31,47,67,39,38,68,49,52,4178,4215,3938,4297,4100,4820,3577,3599,3602,3575,3467,3593,3951,4007
"d__Bacteria;p__Fusobacteriota;c__Fusobacteriia;o__Fusobacteriales;f__Leptotrichiaceae",23,23,16,34,26,10,34,20,40,20,27,21,0,0,0,0,0,0,0,0,0,0,0,0,0,0
"d__Bacteria;p__Bacteroidota;c__Bacteroidia;o__Cytophagales;f__Cytophagaceae",2,1,6,4,3,3,0,0,0,4,10,3,424,335,317,317,276,333,317,306,243,269,241,263,244,337
"d__Bacteria;p__Desulfobacterota;c__Desulfovibrionia;o__Desulfovibrionales;f__Desulfovibrionaceae",44,34,28,46,189,115,75,67,103,75,106,108,0,0,0,0,0,0,0,0,0,0,0,0,0,0
"d__Bacteria;p__Nitrospirota;c__Nitrospiria;o__Nitrospirales;f__Nitrospiraceae",2,0,4,0,0,1,0,0,0,0,1,0,380,346,473,425,371,460,372,323,308,221,296,321,359,389
"d__Bacteria;p__Firmicutes;c__Clostridia;o__Clostridia_UCG-014;f__Clostridia_UCG-014",2,4,2,0,10,0,0,0,8,0,4,0,0,0,0,0,0,0,0,0,0,0,0,0,0,0
"d__Bacteria;p__Bacteroidota;c__Bacteroidia;o__Bacteroidales;f__Tannerellaceae",340,275,377,350,759,911,612,851,729,727,756,708,0,0,0,0,0,0,0,0,0,0,0,0,0,0
"d__Bacteria;p__Actinobacteriota;c__Acidimicrobiia;o__Microtrichales;f__Ilumatobacteraceae",9,3,14,1,0,4,4,2,4,1,0,0,936,848,1084,856,889,745,881,850,833,769,858,900,760,820
"d__Bacteria;p__Proteobacteria;c__Alphaproteobacteria;o__Rhizobiales;f__Devosiaceae",0,2,0,3,0,2,1,5,0,0,0,0,519,482,594,634,602,600,502,493,465,529,467,456,532,557
"d__Bacteria;p__Cyanobacteria;c__Sericytochromatia;o__Sericytochromatia;f__Sericytochromatia",2,7,6,7,4,0,0,15,6,16,9,5,58,63,54,56,75,57,30,61,32,50,67,100,43,100
"d__Bacteria;p__Actinobacteriota;c__MB-A2-108;o__MB-A2-108;f__MB-A2-108",3,5,0,2,0,0,0,12,0,4,5,0,639,614,522,689,721,609,620,498,614,533,496,663,548,581
"d__Bacteria;p__Proteobacteria;c__Gammaproteobacteria;o__CCD24;f__CCD24",0,0,0,0,0,0,2,0,2,0,0,5,188,178,207,199,187,141,156,151,160,110,133,118,155,156
"d__Bacteria;p__Firmicutes;c__Bacilli;o__Erysipelotrichales;f__Erysipelotrichaceae",5,9,5,1,5,8,1,6,7,0,1,3,49,51,106,62,64,88,42,41,39,49,44,42,65,60
"d__Bacteria;p__Firmicutes;c__Bacilli;o__Lactobacillales;f__Leuconostocaceae",2,0,1,3,0,4,2,5,0,0,3,3,0,0,0,0,0,0,0,0,0,0,0,0,0,0
"d__Bacteria;p__Firmicutes;c__Clostridia;o__Peptostreptococcales-Tissierellales;f__Anaerovoracaceae",14,9,5,6,2,0,0,1,6,5,3,4,0,0,0,0,0,0,0,0,0,0,0,0,0,0
"d__Bacteria;p__Bacteroidota;c__Bacteroidia;o__Flavobacteriales;f__Flavobacteriaceae",28,51,28,13,25,15,21,34,28,26,23,0,462,453,431,421,271,364,324,349,297,353,323,310,359,385
"d__Bacteria;p__Actinobacteriota;c__Actinobacteria;__;__",2,0,1,0,0,0,0,0,0,4,3,0,561,591,654,627,534,528,565,596,556,662,646,569,543,552
"d__Bacteria;p__Bacteroidota;c__Bacteroidia;o__Flavobacteriales;f__Weeksellaceae",4907,4890,4956,4756,4186,4204,4200,4290,4300,4083,4061,4095,27,35,46,41,65,25,37,62,51,42,30,28,33,18
"d__Bacteria;p__Bacteroidota;c__Bacteroidia;o__Bacteroidales;f__Prevotellaceae",111,124,89,111,63,60,127,90,94,69,83,89,0,0,0,0,0,0,0,0,0,0,0,0,0,0
"d__Bacteria;p__Proteobacteria;c__Gammaproteobacteria;o__Burkholderiales;f__Burkholderiaceae",6,7,12,9,3,15,10,16,6,0,6,8,129,125,114,104,107,148,99,81,91,116,83,73,136,153
"d__Bacteria;p__Actinobacteriota;c__Actinobacteria;o__Streptomycetales;f__Streptomycetaceae",6,4,2,5,0,0,3,0,1,2,4,0,1908,1949,2054,2053,2041,1932,1837,1761,1877,1851,1877,1859,1897,2036
"d__Bacteria;p__Proteobacteria;c__Gammaproteobacteria;o__Burkholderiales;f__Hydrogenophilaceae",0,2,0,3,0,3,0,1,0,3,0,0,0,0,0,0,0,0,0,0,0,0,0,0,0,0
"d__Bacteria;p__Myxococcota;c__Polyangia;o__Polyangiales;f__Sandaracinaceae",0,5,0,1,0,0,0,0,0,5,2,2,1109,1143,1106,1125,1086,1252,892,953,945,839,865,1026,1047,1068
"d__Bacteria;p__Firmicutes;__;__;__",1,0,1,0,0,0,0,5,0,0,0,0,15,13,11,36,17,19,0,0,1,2,0,4,17,3
"d__Bacteria;p__Actinobacteriota;c__Actinobacteria;o__Propionibacteriales;f__Propionibacteriaceae",3018,2918,2998,3206,6344,6410,6575,6557,6360,6379,6681,6577,1657,1580,1741,1733,1842,1799,3289,3398,3263,3402,3368,3415,3340,3706
"d__Bacteria;p__Actinobacteriota;c__Coriobacteriia;o__Coriobacteriales;f__Atopobiaceae",5,3,13,2,4,4,2,0,1,5,1,7,0,0,0,0,0,0,0,0,0,0,0,0,0,0
"d__Bacteria;p__Fusobacteriota;c__Fusobacteriia;o__Fusobacteriales;f__Fusobacteriaceae",77,75,74,81,66,94,37,75,65,64,56,78,0,0,0,0,0,0,0,0,0,0,0,0,0,0
"d__Bacteria;p__Firmicutes;c__Clostridia;o__Peptostreptococcales-Tissierellales;f__Peptostreptococcales-Tissierellales",287,258,313,316,280,226,248,227,252,298,264,231,14,2,7,6,9,11,8,14,6,6,8,3,3,2
"d__Bacteria;p__Patescibacteria;c__Saccharimonadia;o__Saccharimonadales;f__Saccharimonadaceae",35,32,29,37,86,70,75,46,88,63,67,82,137,101,73,106,73,119,125,105,124,129,131,146,103,85
"d__Bacteria;p__Firmicutes;c__Clostridia;o__Peptostreptococcales-Tissierellales;f__Peptostreptococcaceae",9,1,7,4,8,2,4,8,2,6,4,10,204,212,197,267,181,209,208,170,160,225,168,141,175,181
"d__Bacteria;p__Actinobacteriota;c__Actinobacteria;o__Micrococcales;f__Intrasporangiaceae",40,34,35,42,29,28,14,19,57,28,37,26,897,1024,973,1052,973,924,824,888,913,815,872,874,811,698
"d__Bacteria;p__Firmicutes;c__Bacilli;o__Mycoplasmatales;f__Mycoplasmataceae",152,199,170,184,0,3,7,7,8,0,8,9,253,271,279,269,293,275,3,9,7,10,6,8,9,17
"d__Bacteria;p__Proteobacteria;c__Gammaproteobacteria;o__Enterobacterales;f__Enterobacteriaceae",8,26,22,26,11,24,10,43,41,28,41,14,30,43,47,56,32,34,19,39,45,19,39,24,36,59
"d__Bacteria;p__Armatimonadota;c__Fimbriimonadia;o__Fimbriimonadales;f__Fimbriimonadaceae",0,0,4,0,0,0,0,0,0,0,0,4,108,115,140,158,110,159,167,107,138,137,123,92,53,185
"d__Bacteria;p__Verrucomicrobiota;c__Verrucomicrobiae;o__Verrucomicrobiales;f__Akkermansiaceae",132,103,113,127,318,306,301,275,276,298,292,223,0,0,0,0,0,0,0,0,0,0,0,0,0,0
"d__Bacteria;p__Proteobacteria;c__Gammaproteobacteria;o__Burkholderiales;f__TRA3-20",0,3,2,0,0,4,0,0,0,0,0,0,802,710,754,728,834,835,674,654,645,595,661,602,754,699
"d__Bacteria;p__Firmicutes;c__Bacilli;o__Lactobacillales;f__Carnobacteriaceae",77,60,66,89,66,74,52,35,65,72,90,70,0,0,0,0,0,0,0,0,0,0,0,0,0,0
"d__Bacteria;p__Proteobacteria;c__Gammaproteobacteria;o__Xanthomonadales;f__Rhodanobacteraceae",2,0,0,4,0,0,1,3,1,1,0,3,179,198,207,184,238,201,190,175,99,180,183,151,147,261
"d__Bacteria;p__Cyanobacteria;c__Cyanobacteriia;o__Cyanobacteriales;f__Chroococcidiopsaceae",6,4,4,5,8,0,12,1,0,5,6,3,8,10,6,14,1,15,18,5,7,2,10,12,11,1
"d__Archaea;p__Crenarchaeota;c__Nitrososphaeria;o__Nitrososphaerales;f__Nitrososphaeraceae",0,8,6,2,0,0,11,7,1,20,7,8,12912,11758,11982,12216,11700,11798,12385,11766,12585,12408,12216,12041,11532,13082
"d__Bacteria;p__Firmicutes;c__Bacilli;o__Thermoactinomycetales;f__Thermoactinomycetaceae",2,1,0,0,1,0,2,3,0,1,0,0,17,3,4,13,10,19,6,7,7,0,5,18,11,12
"d__Bacteria;p__Firmicutes;c__Bacilli;o__Lactobacillales;f__Lactobacillaceae",51,46,42,58,30,39,57,55,35,38,24,20,0,0,0,0,0,0,0,0,0,0,0,0,0,0
"d__Bacteria;p__Proteobacteria;c__Gammaproteobacteria;o__Burkholderiales;f__Alcaligenaceae",4,1,0,0,0,0,0,3,1,0,0,0,52,44,52,28,43,31,47,28,9,19,23,34,26,36
"d__Bacteria;p__Firmicutes;c__Bacilli;o__Lactobacillales;f__Aerococcaceae",51,66,55,81,59,51,71,50,54,53,76,54,0,0,0,0,0,0,0,0,0,0,0,0,0,0
"d__Bacteria;p__Actinobacteriota;c__Actinobacteria;o__Frankiales;f__Frankiaceae",1,1,2,0,0,0,0,3,0,0,0,2,425,366,417,357,415,408,446,495,425,407,406,431,519,362
"d__Bacteria;p__Bacteroidota;c__Bacteroidia;o__Bacteroidales;__",0,0,2,4,4,0,0,0,0,0,0,0,0,0,0,0,0,0,0,0,0,0,0,0,0,0
"d__Bacteria;p__Proteobacteria;c__Gammaproteobacteria;o__Burkholderiales;f__Sutterellaceae",12,16,16,15,52,38,30,33,20,27,48,52,62,59,100,67,104,99,41,50,69,56,77,94,65,92
"d__Bacteria;p__Patescibacteria;c__Gracilibacteria;o__Gracilibacteria;f__Gracilibacteria",4,0,2,0,0,0,0,0,1,2,1,0,0,0,0,0,0,0,0,0,0,0,0,0,0,0
"d__Bacteria;p__Firmicutes;c__Negativicutes;o__Veillonellales-Selenomonadales;f__Selenomonadaceae",5,4,7,15,8,14,11,11,6,11,8,14,0,0,0,0,0,0,0,0,0,0,0,0,0,0
"d__Bacteria;p__Proteobacteria;c__Gammaproteobacteria;o__Pasteurellales;f__Pasteurellaceae",92,77,93,70,85,54,96,127,70,91,96,93,0,0,0,0,0,0,0,0,0,0,0,0,0,0
"d__Bacteria;p__Chloroflexi;c__Anaerolineae;o__Anaerolineales;f__Anaerolineaceae",2,2,4,0,0,0,0,0,0,3,1,0,154,134,169,139,161,205,114,159,156,106,173,155,124,117
"d__Bacteria;p__Verrucomicrobiota;c__Verrucomicrobiae;o__Chthoniobacterales;f__Xiphinematobacteraceae",0,0,5,0,0,0,0,4,0,0,2,0,0,0,0,0,0,0,0,0,0,0,0,0,0,0
"d__Bacteria;p__Actinobacteriota;c__Actinobacteria;o__Actinomycetales;f__Actinomycetaceae",120,107,102,97,86,102,108,104,91,103,72,79,0,0,0,0,0,0,0,0,0,0,0,0,0,0
"d__Bacteria;p__Actinobacteriota;c__Actinobacteria;o__Frankiales;f__Nakamurellaceae",2,3,3,0,0,0,2,1,1,3,7,0,52,16,29,24,30,34,13,32,38,51,28,13,16,20
"d__Bacteria;p__Firmicutes;c__Bacilli;o__Staphylococcales;f__Staphylococcaceae",16376,16343,16018,16033,13196,13011,12386,12247,12627,12619,12336,12788,0,0,0,0,0,0,0,0,0,0,0,0,0,0
"d__Bacteria;p__Campilobacterota;c__Campylobacteria;o__Campylobacterales;f__Campylobacteraceae",10,15,17,20,3,13,9,12,8,13,14,14,0,0,0,0,0,0,0,0,0,0,0,0,0,0
"d__Bacteria;p__Actinobacteriota;c__Actinobacteria;o__Micrococcales;f__Demequinaceae",0,3,0,4,0,0,0,1,0,0,0,0,0,0,0,0,0,0,0,0,0,0,0,0,0,0
"d__Bacteria;p__Proteobacteria;c__Gammaproteobacteria;o__PLTA13;f__PLTA13",0,0,4,0,1,0,0,0,0,0,3,0,3,16,1,8,8,11,1,3,7,3,5,7,2,11
"d__Bacteria;p__Actinobacteriota;c__Actinobacteria;o__Micrococcales;f__Dermabacteraceae",47,74,63,72,40,39,56,35,35,38,46,27,0,0,0,0,0,0,0,0,0,0,0,0,0,0
"d__Bacteria;p__Proteobacteria;c__Gammaproteobacteria;o__Burkholderiales;f__Methylophilaceae",1,0,1,4,0,0,0,0,0,1,0,0,52,37,50,22,50,24,26,42,26,46,32,34,39,52
"d__Bacteria;p__Proteobacteria;c__Gammaproteobacteria;o__Alteromonadales;f__Pseudoalteromonadaceae",0,4,0,0,0,6,3,0,0,0,1,5,0,0,0,0,0,0,0,0,0,0,0,0,0,0
"d__Bacteria;p__Firmicutes;c__Bacilli;o__Erysipelotrichales;f__Erysipelatoclostridiaceae",9,12,3,21,3,5,5,15,3,6,0,5,0,0,0,0,0,0,0,0,0,0,0,0,0,0
"d__Bacteria;p__Patescibacteria;c__Gracilibacteria;o__Absconditabacteriales_(SR1);f__Absconditabacteriales_(SR1)",2,5,0,0,3,3,0,8,0,2,0,3,0,0,0,0,0,0,0,0,0,0,0,0,0,0
"d__Bacteria;p__Firmicutes;c__Clostridia;o__Peptostreptococcales-Tissierellales;f__Fusibacteraceae",0,2,0,1,0,0,0,3,2,1,0,0,0,0,0,0,0,0,0,0,0,0,0,0,0,0
"d__Bacteria;p__Proteobacteria;c__Gammaproteobacteria;o__Enterobacterales;f__Erwiniaceae",1,0,0,5,9,0,7,0,0,0,9,0,27,21,6,16,18,19,13,15,27,28,15,16,11,24
"d__Archaea;p__Euryarchaeota;c__Methanobacteria;o__Methanobacteriales;f__Methanobacteriaceae",1,0,6,6,4,1,0,1,0,0,0,0,0,0,0,0,0,0,0,0,0,0,0,0,0,0
"d__Bacteria;p__Firmicutes;c__Bacilli;o__Lactobacillales;f__Enterococcaceae",241,217,177,193,630,587,466,479,486,543,553,532,0,0,0,0,0,0,0,0,0,0,0,0,0,0
"d__Bacteria;p__Deinococcota;c__Deinococci;o__Deinococcales;f__Trueperaceae",0,0,0,4,0,0,3,0,0,0,0,0,0,0,0,0,0,0,0,0,0,0,0,0,0,0
"d__Bacteria;p__Verrucomicrobiota;c__Verrucomicrobiae;o__Verrucomicrobiales;f__Rubritaleaceae",4,6,4,0,0,0,1,0,2,2,0,0,34,30,67,25,28,36,3,28,24,13,36,4,27,3
"d__Bacteria;p__Proteobacteria;c__Alphaproteobacteria;o__Rhizobiales;f__Methyloligellaceae",0,4,2,0,0,0,0,0,3,2,0,0,24,11,15,31,25,21,17,14,7,11,15,10,22,17
"d__Bacteria;p__Actinobacteriota;c__Actinobacteria;o__Micrococcales;f__Promicromonosporaceae",1,0,0,6,0,0,0,0,0,0,0,2,90,91,103,57,56,84,47,81,62,62,59,58,35,55
"d__Bacteria;p__Proteobacteria;c__Alphaproteobacteria;o__Rhodospirillales;f__Magnetospirillaceae",3,0,0,2,0,0,0,0,0,0,0,2,0,0,0,0,0,0,0,0,0,0,0,0,0,0
"d__Bacteria;p__Actinobacteriota;c__Actinobacteria;o__Corynebacteriales;f__Dietziaceae",127,137,146,169,151,122,120,168,132,104,132,128,7,14,6,10,6,4,15,8,3,5,4,8,0,9
"d__Bacteria;p__Bacteroidota;c__Bacteroidia;o__Bacteroidales;f__Barnesiellaceae",0,1,0,0,0,5,0,0,0,0,2,0,0,0,0,0,0,0,0,0,0,0,0,0,0,0
"d__Bacteria;p__Campilobacterota;c__Campylobacteria;o__Campylobacterales;f__Sulfurimonadaceae",2,0,0,2,4,0,0,6,0,0,0,0,0,0,0,0,0,0,0,0,0,0,0,0,0,0
"d__Bacteria;p__Proteobacteria;c__Gammaproteobacteria;o__Enterobacterales;__",5,0,7,3,6,0,0,0,2,0,0,23,29,23,10,12,17,11,8,11,13,10,13,19,48,17
"d__Bacteria;p__Proteobacteria;c__Gammaproteobacteria;o__Cardiobacteriales;f__Cardiobacteriaceae",4,3,6,0,0,6,4,0,8,0,11,0,0,0,0,0,0,0,0,0,0,0,0,0,0,0
"d__Bacteria;p__Firmicutes;c__Bacilli;o__Lactobacillales;f__Listeriaceae",2,6,1,5,3,0,1,4,3,4,0,0,0,0,0,0,0,0,0,0,0,0,0,0,0,0
"d__Bacteria;p__Actinobacteriota;c__Coriobacteriia;o__Coriobacteriales;f__Coriobacteriaceae",3,0,4,0,0,0,2,3,0,1,0,3,0,0,0,0,0,0,0,0,0,0,0,0,0,0
"d__Bacteria;p__Actinobacteriota;c__Actinobacteria;o__Corynebacteriales;f__Tsukamurellaceae",2,4,0,1,0,4,0,0,1,2,2,0,0,0,0,0,0,0,0,0,0,0,0,0,0,0
"d__Bacteria;p__Proteobacteria;c__Gammaproteobacteria;o__Vibrionales;f__Vibrionaceae",3,4,1,5,0,0,0,2,5,3,4,5,0,0,0,0,0,0,0,0,0,0,0,0,0,0
"d__Bacteria;p__Firmicutes;c__Bacilli;o__Staphylococcales;f__Gemellaceae",56,51,62,42,50,45,38,48,64,23,57,49,0,0,0,0,0,0,0,0,0,0,0,0,0,0
"d__Bacteria;p__Proteobacteria;c__Gammaproteobacteria;o__Ectothiorhodospirales;f__Thioalkalispiraceae",0,0,0,0,0,0,0,0,2,0,5,0,0,0,0,0,0,0,0,0,0,0,0,0,0,0
"d__Bacteria;p__Firmicutes;c__Negativicutes;o__Acidaminococcales;f__Acidaminococcaceae",2,3,0,0,0,0,0,5,3,7,0,2,0,0,0,0,0,0,0,0,0,0,0,0,0,0
"d__Bacteria;p__Firmicutes;c__Bacilli;o__Exiguobacterales;f__Exiguobacteraceae",0,3,1,4,0,0,2,0,0,4,0,0,0,0,0,0,0,0,0,0,0,0,0,0,0,0
"d__Bacteria;p__Actinobacteriota;c__Actinobacteria;o__Micrococcales;f__Brevibacteriaceae",47,94,63,60,73,46,97,59,61,56,56,66,7,6,14,14,13,3,7,1,1,0,7,16,9,10
"d__Bacteria;p__Firmicutes;c__Bacilli;o__Lactobacillales;__",0,0,1,0,0,0,7,0,0,0,0,0,0,0,0,0,0,0,0,0,0,0,0,0,0,0
"d__Bacteria;p__Proteobacteria;c__Gammaproteobacteria;o__Enterobacterales;f__Yersiniaceae",0,0,3,5,0,0,1,1,0,5,0,2,0,0,0,0,0,0,0,0,0,0,0,0,0,0
"d__Bacteria;p__Proteobacteria;c__Gammaproteobacteria;o__Enterobacterales;f__Pectobacteriaceae",69,112,97,82,67,64,78,65,81,116,88,90,0,0,0,0,0,0,0,0,0,0,0,0,0,0
"d__Bacteria;p__Myxococcota;c__Polyangia;o__Haliangiales;f__Haliangiaceae",0,0,0,0,0,0,0,0,0,0,0,0,1613,1573,1434,1574,1242,1581,1360,1261,1370,1521,1433,1402,1482,1416
"d__Bacteria;p__Proteobacteria;c__Alphaproteobacteria;o__Rhizobiales;f__Labraceae",0,0,0,0,0,0,0,0,0,0,0,0,217,303,272,253,196,222,254,283,279,238,287,250,244,245
"d__Bacteria;p__Chloroflexi;c__Chloroflexia;o__Chloroflexales;f__Roseiflexaceae",0,0,0,0,0,0,0,0,0,0,0,0,4240,3630,3933,3485,3565,3748,4863,4530,4534,4378,4303,4275,4408,4593
"d__Bacteria;p__Proteobacteria;c__Alphaproteobacteria;o__Caedibacterales;f__Caedibacteraceae",0,0,0,0,0,0,0,0,0,0,0,0,4,1,16,0,11,0,0,0,4,0,4,4,0,0
"d__Bacteria;p__Gemmatimonadota;c__Gemmatimonadetes;o__Gemmatimonadales;f__Gemmatimonadaceae",0,0,0,0,0,0,0,0,0,0,0,0,13251,14873,14183,14157,13696,14225,13414,13507,13827,13847,13771,13936,14068,13409
"d__Bacteria;p__Chloroflexi;c__Anaerolineae;o__SBR1031;f__A4b",0,0,0,0,0,0,0,0,0,0,0,0,660,652,687,670,684,796,773,943,924,791,854,904,762,972
"d__Bacteria;p__Planctomycetota;__;__;__",0,0,0,0,0,0,0,0,0,0,0,0,13,18,4,7,29,6,0,10,7,12,8,7,0,4
"d__Bacteria;p__Proteobacteria;c__Gammaproteobacteria;o__Burkholderiales;__",0,0,0,0,0,0,0,0,0,0,0,0,73,92,71,74,84,63,67,57,43,34,56,53,73,89
"d__Bacteria;p__Bacteroidota;c__Bacteroidia;o__Chitinophagales;__",0,0,0,0,0,0,0,0,0,0,0,0,71,96,90,71,52,70,30,52,52,33,69,75,69,66
"d__Bacteria;p__Verrucomicrobiota;c__Verrucomicrobiae;o__Chthoniobacterales;f__Terrimicrobiaceae",0,0,0,0,0,0,0,0,0,0,0,0,13,7,17,10,5,9,20,13,12,10,1,6,5,11
"d__Bacteria;p__Patescibacteria;__;__;__",0,0,0,0,0,0,0,0,0,0,0,0,70,47,56,63,47,53,57,33,45,52,15,41,22,32
"d__Bacteria;p__Sumerlaeota;c__Sumerlaeia;o__Sumerlaeales;f__Sumerlaeaceae",0,0,0,0,0,0,0,0,0,0,0,0,133,98,82,89,95,122,142,187,110,174,155,85,204,226
"d__Bacteria;p__Firmicutes;c__Bacilli;o__Entomoplasmatales;f__type_III",0,0,0,0,0,0,0,0,0,0,0,0,100,77,87,136,119,87,0,1,4,10,9,2,0,8
"d__Bacteria;p__Patescibacteria;c__Parcubacteria;o__Candidatus_Azambacteria;f__Candidatus_Azambacteria",0,0,0,0,0,0,0,0,0,0,0,0,16,9,4,6,5,7,0,0,0,0,0,0,0,0
"d__Bacteria;p__Bdellovibrionota;c__Oligoflexia;o__0319-6G20;f__0319-6G20",0,0,0,0,0,0,0,0,0,0,0,0,320,377,369,340,324,302,316,337,274,320,326,279,283,344
"d__Bacteria;p__Myxococcota;c__Polyangia;o__Blfdi19;f__Blfdi19",0,0,0,0,0,0,0,0,0,0,0,0,71,48,68,47,78,50,34,16,58,46,33,57,49,43
"d__Bacteria;p__Proteobacteria;c__Alphaproteobacteria;o__Rhizobiales;f__Rhizobiales_Incertae_Sedis",0,0,0,0,0,0,0,0,0,0,0,0,230,183,192,210,221,257,244,224,175,195,240,189,212,189
"d__Bacteria;p__Chloroflexi;c__Chloroflexia;o__Thermomicrobiales;f__AKYG1722",0,0,0,0,0,0,0,0,0,0,0,0,328,344,286,359,294,349,452,341,409,419,363,343,457,414
"d__Bacteria;p__Myxococcota;c__Polyangia;o__Polyangiales;f__Phaselicystidaceae",0,0,0,0,0,0,0,0,0,0,0,0,234,221,234,244,213,243,208,187,255,172,132,183,195,165
"d__Bacteria;p__Acidobacteriota;c__Blastocatellia;__;__",0,0,0,0,0,0,0,0,0,0,0,0,68,67,88,93,82,100,104,97,112,120,112,104,124,166
"d__Bacteria;p__Myxococcota;c__Polyangia;__;__",0,0,0,0,0,0,0,0,0,0,0,0,26,42,31,38,32,51,36,18,46,21,38,35,31,61
"d__Bacteria;p__Gemmatimonadota;c__Longimicrobia;o__Longimicrobiales;f__Longimicrobiaceae",0,0,0,0,0,0,0,0,0,0,0,0,1155,1208,1198,1100,1216,1094,1128,1164,1194,1153,1105,1260,1088,1115
"d__Bacteria;p__Proteobacteria;c__Gammaproteobacteria;o__Burkholderiales;f__Procabacteriaceae",0,0,0,0,0,0,0,0,0,0,0,0,0,4,2,12,0,5,0,2,0,0,14,5,0,0
"d__Bacteria;p__Verrucomicrobiota;c__Verrucomicrobiae;o__Methylacidiphilales;f__Methylacidiphilaceae",0,0,0,0,0,0,0,0,0,0,0,0,3,0,0,4,1,7,1,3,3,6,14,3,5,0
"d__Bacteria;p__Proteobacteria;c__Alphaproteobacteria;o__Elsterales;f__uncultured",0,0,0,0,0,0,0,0,0,0,0,0,5338,5507,5270,5604,5970,5936,5226,5375,5267,5062,5471,5389,5316,5551
"d__Bacteria;p__Myxococcota;c__Polyangia;o__Polyangiales;f__Polyangiaceae",0,0,0,0,0,0,0,0,0,0,0,0,989,942,1038,1039,1022,970,735,767,802,859,895,867,836,813
"d__Bacteria;p__Proteobacteria;c__Alphaproteobacteria;o__Rhizobiales;f__Methylopilaceae",0,0,0,0,0,0,0,0,0,0,0,0,5,7,10,10,6,1,0,0,2,4,0,6,0,4
"d__Bacteria;p__Myxococcota;c__Polyangia;o__Polyangiales;__",0,0,0,0,0,0,0,0,0,0,0,0,32,68,37,49,51,59,16,23,27,28,38,24,28,76
"d__Bacteria;p__Proteobacteria;c__Alphaproteobacteria;o__Thalassobaculales;f__uncultured",0,0,0,0,0,0,0,0,0,0,0,0,12,8,10,8,4,6,5,11,9,2,2,10,0,5
"d__Bacteria;p__Proteobacteria;c__Gammaproteobacteria;o__Legionellales;f__Legionellaceae",0,0,0,0,0,0,0,0,0,0,0,0,39,40,37,29,31,33,19,50,34,20,30,52,22,43
"d__Bacteria;p__Acidobacteriota;c__Blastocatellia;o__11-24;f__11-24",0,0,0,0,0,0,0,0,0,0,0,0,459,396,368,310,312,398,568,532,622,531,529,465,485,513
"d__Bacteria;p__Chloroflexi;__;__;__",0,0,0,0,0,0,0,0,0,0,0,0,1079,1217,1116,1002,1010,999,1373,1441,1467,1339,1358,1422,1366,1498
"d__Bacteria;p__Firmicutes;c__Desulfitobacteriia;o__Desulfitobacteriales;f__Desulfitobacteriaceae",0,0,0,0,0,0,0,0,0,0,0,0,6,21,6,3,0,15,8,6,2,0,6,26,8,14
"d__Archaea;p__Nanoarchaeota;c__Nanoarchaeia;o__Woesearchaeales;f__Woesearchaeales",0,0,0,0,0,0,0,0,0,0,0,0,13,10,7,7,6,11,17,5,9,7,11,0,10,7
"d__Bacteria;p__Proteobacteria;c__Alphaproteobacteria;o__Rickettsiales;f__SM2D12",0,0,0,0,0,0,0,0,0,0,0,0,43,48,45,46,35,25,20,39,35,22,31,38,33,29
"d__Bacteria;p__Armatimonadota;c__Chthonomonadetes;o__Chthonomonadales;f__Chthonomonadales",0,0,0,0,0,0,0,0,0,0,0,0,91,86,76,72,81,106,127,152,95,109,98,68,91,131
"d__Bacteria;p__Chloroflexi;c__Chloroflexia;o__Kallotenuales;f__AKIW781",0,0,0,0,0,0,0,0,0,0,0,0,774,654,851,682,778,836,769,715,744,760,762,642,687,821
"d__Bacteria;p__Firmicutes;c__Clostridia;__;__",0,0,0,0,0,0,0,0,0,0,0,0,8,9,3,5,13,9,4,0,3,0,0,2,0,0
"d__Bacteria;p__Proteobacteria;c__Gammaproteobacteria;__;__",0,0,0,0,0,0,0,0,0,0,0,0,93,123,104,119,152,122,91,76,65,79,115,146,104,97
"d__Bacteria;p__Myxococcota;c__Polyangia;o__mle1-27;f__mle1-27",0,0,0,0,0,0,0,0,0,0,0,0,188,203,175,157,162,193,156,125,161,195,124,80,157,130
"d__Bacteria;p__Actinobacteriota;c__Actinobacteria;o__Streptosporangiales;f__Thermomonosporaceae",0,0,0,0,0,0,0,0,0,0,0,0,397,384,429,456,380,383,323,322,418,301,404,322,375,391
"d__Bacteria;p__Bacteroidota;c__Bacteroidia;__;__",0,0,0,0,0,0,0,0,0,0,0,0,38,21,76,41,38,86,23,15,51,33,43,24,28,24
"d__Bacteria;p__Proteobacteria;c__Gammaproteobacteria;o__Acidiferrobacterales;f__Acidiferrobacteraceae",0,0,0,0,0,0,0,0,0,0,0,0,7,5,4,2,6,3,8,7,2,8,9,2,0,15
"d__Bacteria;p__Acidobacteriota;c__Holophagae;o__Subgroup_7;f__Subgroup_7",0,0,0,0,0,0,0,0,0,0,0,0,737,597,602,641,749,677,572,664,664,566,512,641,683,664
"d__Bacteria;p__Planctomycetota;c__Planctomycetes;__;__",0,0,0,0,0,0,0,0,0,0,0,0,195,205,173,153,142,152,239,287,337,244,278,332,270,247
"d__Bacteria;p__Actinobacteriota;__;__;__",0,0,0,0,0,0,0,0,0,0,0,0,125,143,132,94,115,118,105,86,130,133,115,119,130,103
"d__Bacteria;p__Chloroflexi;c__Anaerolineae;o__Caldilineales;f__Caldilineaceae",0,0,0,0,0,0,0,0,0,0,0,0,433,382,437,397,439,452,606,675,609,562,522,402,458,541
"d__Bacteria;p__Bacteroidota;c__Bacteroidia;o__Sphingobacteriales;f__env.OPS_17",0,0,0,0,0,0,0,0,0,0,0,0,182,209,193,167,134,220,103,178,137,107,165,112,173,109
"d__Bacteria;p__Chloroflexi;c__Anaerolineae;o__SBR1031;f__SBR1031",0,0,0,0,0,0,0,0,0,0,0,0,287,275,327,290,322,308,383,361,332,383,329,315,373,351
"d__Bacteria;p__Bacteroidota;c__Bacteroidia;o__Cytophagales;f__uncultured",0,0,0,0,0,0,0,0,0,0,0,0,93,84,72,72,93,90,100,87,50,59,93,109,40,64
"d__Bacteria;p__Planctomycetota;c__BD7-11;o__BD7-11;f__BD7-11",0,0,0,0,0,0,0,0,0,0,0,0,3,13,3,5,3,2,8,13,11,4,8,4,4,2
"d__Bacteria;p__Myxococcota;c__Polyangia;o__VHS-B3-70;f__VHS-B3-70",0,0,0,0,0,0,0,0,0,0,0,0,19,19,8,9,12,36,28,15,17,7,9,24,5,6
"d__Bacteria;p__Patescibacteria;c__Saccharimonadia;o__Saccharimonadales;f__S32",0,0,0,0,0,0,0,0,0,0,0,0,55,45,35,32,53,49,80,39,43,63,59,78,28,60
"d__Bacteria;p__Elusimicrobiota;c__Elusimicrobia;o__MVP-88;f__MVP-88",0,0,0,0,0,0,0,0,0,0,0,0,8,10,8,9,5,9,5,17,22,14,3,6,0,34
"d__Bacteria;p__Patescibacteria;c__Parcubacteria;o__Parcubacteria;f__Parcubacteria",0,0,0,0,0,0,0,0,0,0,0,0,41,24,30,26,18,34,1,3,0,0,0,0,0,0
"d__Bacteria;p__Myxococcota;c__bacteriap25;o__bacteriap25;f__bacteriap25",0,0,0,0,0,0,0,0,0,0,0,0,1375,1247,1311,1285,1276,1422,1261,1318,1257,1082,1221,1327,1381,1317
"d__Bacteria;p__Bacteroidota;c__Bacteroidia;o__Cytophagales;f__Amoebophilaceae",0,0,0,0,0,0,0,0,0,0,0,0,0,7,2,5,9,8,12,5,0,0,0,0,0,3
"d__Bacteria;p__Abditibacteriota;c__Abditibacteria;o__Abditibacteriales;f__Abditibacteriaceae",0,0,0,0,0,0,0,0,0,0,0,0,64,59,53,60,39,71,49,51,28,50,31,29,60,34
"d__Bacteria;p__Proteobacteria;__;__;__",0,0,0,0,0,0,0,0,0,0,0,0,8,5,5,8,15,27,15,0,2,5,11,5,8,4
"d__Bacteria;p__Verrucomicrobiota;c__Chlamydiae;o__Chlamydiales;f__Parachlamydiaceae",0,0,0,0,0,0,0,0,0,0,0,0,66,30,29,58,23,61,0,0,0,3,5,0,0,2
"d__Bacteria;p__Dependentiae;c__Babeliae;o__Babeliales;f__Babeliaceae",0,0,0,0,0,0,0,0,0,0,0,0,15,5,2,0,2,0,6,0,0,3,0,7,3,0
"d__Bacteria;p__Acidobacteriota;c__Acidobacteriae;o__Solibacterales;f__Solibacteraceae",0,0,0,0,0,0,0,0,0,0,0,0,413,411,433,448,375,385,133,138,143,118,154,154,142,152
"d__Bacteria;p__Proteobacteria;c__Alphaproteobacteria;o__Rhizobiales;f__uncultured",0,0,0,0,0,0,0,0,0,0,0,0,189,232,206,228,266,208,183,226,137,210,238,223,234,237
"d__Bacteria;p__Entotheonellaeota;c__Entotheonellia;o__Entotheonellales;f__Entotheonellaceae",0,0,0,0,0,0,0,0,0,0,0,0,614,604,476,600,470,600,550,496,533,463,516,585,567,614
"d__Bacteria;p__Myxococcota;c__Myxococcia;o__Myxococcales;f__Anaeromyxobacteraceae",0,0,0,0,0,0,0,0,0,0,0,0,199,202,244,216,208,210,212,165,235,188,227,180,216,197
"d__Bacteria;p__Dependentiae;c__Babeliae;o__Babeliales;f__Vermiphilaceae",0,0,0,0,0,0,0,0,0,0,0,0,10,6,4,1,8,7,0,1,0,9,9,7,2,6
"d__Bacteria;p__Actinobacteriota;c__Actinobacteria;o__Euzebyales;f__Euzebyaceae",0,0,0,0,0,0,0,0,0,0,0,0,3,2,10,1,3,1,6,8,12,9,13,2,7,8
"d__Bacteria;p__Acidobacteriota;c__Vicinamibacteria;o__Subgroup_17;f__Subgroup_17",0,0,0,0,0,0,0,0,0,0,0,0,105,112,139,140,172,207,199,198,211,234,154,176,182,200
"d__Bacteria;p__Planctomycetota;c__Pla4_lineage;o__Pla4_lineage;f__Pla4_lineage",0,0,0,0,0,0,0,0,0,0,0,0,9,3,4,1,3,0,9,1,4,3,29,8,3,7
"d__Bacteria;p__Proteobacteria;c__Gammaproteobacteria;o__Cellvibrionales;f__Cellvibrionaceae",0,0,0,0,0,0,0,0,0,0,0,0,268,212,250,208,216,284,216,238,249,166,149,142,188,224
"d__Bacteria;p__Chloroflexi;c__Chloroflexia;o__Chloroflexales;f__Chloroflexaceae",0,0,0,0,0,0,0,0,0,0,0,0,350,342,345,328,332,270,526,484,375,384,394,419,360,422
"d__Bacteria;p__Gemmatimonadota;c__BD2-11_terrestrial_group;o__BD2-11_terrestrial_group;f__BD2-11_terrestrial_group",0,0,0,0,0,0,0,0,0,0,0,0,68,70,48,39,71,44,44,81,42,56,46,67,47,30
"d__Bacteria;p__RCP2-54;c__RCP2-54;o__RCP2-54;f__RCP2-54",0,0,0,0,0,0,0,0,0,0,0,0,51,27,39,27,17,55,25,50,34,29,30,17,27,25
"d__Bacteria;p__Acidobacteriota;c__Blastocatellia;o__DS-100;f__DS-100",0,0,0,0,0,0,0,0,0,0,0,0,298,287,220,328,270,296,421,425,424,410,361,376,357,378
"d__Bacteria;p__Proteobacteria;c__Alphaproteobacteria;o__Tistrellales;f__Geminicoccaceae",0,0,0,0,0,0,0,0,0,0,0,0,1988,2072,2182,2127,2234,1831,1922,1958,1991,2027,1960,1807,1911,1799
"d__Bacteria;p__Actinobacteriota;c__Acidimicrobiia;o__uncultured;f__uncultured",0,0,0,0,0,0,0,0,0,0,0,0,220,248,273,228,250,225,196,169,205,188,217,250,165,179
"d__Bacteria;p__SAR324_clade(Marine_group_B);c__SAR324_clade(Marine_group_B);o__SAR324_clade(Marine_group_B);f__SAR324_clade(Marine_group_B)",0,0,0,0,0,0,0,0,0,0,0,0,30,28,33,28,34,39,20,29,20,5,46,33,22,31
"d__Bacteria;p__Planctomycetota;c__vadinHA49;o__vadinHA49;f__vadinHA49",0,0,0,0,0,0,0,0,0,0,0,0,40,23,40,35,33,30,15,10,33,30,27,22,15,46
"d__Bacteria;p__Verrucomicrobiota;c__Verrucomicrobiae;o__Opitutales;f__Opitutaceae",0,0,0,0,0,0,0,0,0,0,0,0,489,498,496,479,530,666,424,408,338,393,372,502,400,403
"d__Bacteria;p__Cyanobacteria;c__Vampirivibrionia;o__Vampirovibrionales;f__Vampirovibrionaceae",0,0,0,0,0,0,0,0,0,0,0,0,1,9,8,10,5,5,0,0,2,2,4,6,14,3
"d__Bacteria;p__Chloroflexi;c__Anaerolineae;__;__",0,0,0,0,0,0,0,0,0,0,0,0,36,27,17,53,33,24,46,44,42,30,45,33,23,43
"d__Bacteria;p__Firmicutes;c__Clostridia;o__Clostridia;f__Gracilibacteraceae",0,0,0,0,0,0,0,0,0,0,0,0,40,25,19,23,10,50,19,21,13,9,12,33,6,20
"d__Archaea;p__Thermoplasmatota;c__Thermoplasmata;o__Marine_Group_II;f__Marine_Group_II",0,0,0,0,0,0,0,0,0,0,0,0,12,1,0,0,8,3,0,5,2,2,5,4,0,8
"d__Bacteria;p__Proteobacteria;c__Alphaproteobacteria;o__Rickettsiales;f__Rickettsiaceae",0,0,0,0,0,0,0,0,0,0,0,0,16,8,35,27,16,30,26,16,14,18,13,4,20,17
"d__Bacteria;p__Chloroflexi;c__Dehalococcoidia;o__S085;f__S085",0,0,0,0,0,0,0,0,0,0,0,0,190,252,211,232,224,265,293,270,285,284,243,403,258,333
"d__Bacteria;p__Actinobacteriota;c__Thermoleophilia;o__Solirubrobacterales;__",0,0,0,0,0,0,0,0,0,0,0,0,914,1002,968,790,809,844,761,839,768,829,895,839,830,688
"d__Bacteria;p__Armatimonadota;c__uncultured;o__uncultured;f__uncultured",0,0,0,0,0,0,0,0,0,0,0,0,535,487,455,412,408,495,717,641,664,604,539,652,753,637
"d__Bacteria;p__Bdellovibrionota;c__Oligoflexia;o__Silvanigrellales;f__Silvanigrellaceae",0,0,0,0,0,0,0,0,0,0,0,0,5,8,0,3,7,6,16,8,0,9,3,9,4,9
"d__Bacteria;p__Actinobacteriota;c__Acidimicrobiia;__;__",0,0,0,0,0,0,0,0,0,0,0,0,1006,879,819,919,792,711,618,761,684,704,719,764,637,599
"d__Bacteria;p__Proteobacteria;c__Alphaproteobacteria;o__Defluviicoccales;f__Defluviicoccaceae",0,0,0,0,0,0,0,0,0,0,0,0,23,27,25,31,31,30,14,37,28,24,25,30,32,23
"d__Bacteria;p__Proteobacteria;c__Gammaproteobacteria;o__Salinisphaerales;f__Solimonadaceae",0,0,0,0,0,0,0,0,0,0,0,0,12,11,15,22,6,4,1,19,4,16,16,22,0,9
"d__Bacteria;p__Myxococcota;c__Polyangia;o__Nannocystales;f__Nannocystaceae",0,0,0,0,0,0,0,0,0,0,0,0,110,74,96,114,83,94,92,84,61,65,73,91,88,103
"d__Bacteria;p__Actinobacteriota;c__Thermoleophilia;o__Gaiellales;__",0,0,0,0,0,0,0,0,0,0,0,0,2363,2133,2345,2144,2185,2162,1976,2038,1879,1948,1869,1964,1821,1882
"d__Bacteria;p__Bacteroidota;c__Bacteroidia;o__Sphingobacteriales;f__NS11-12_marine_group",0,0,0,0,0,0,0,0,0,0,0,0,18,24,32,26,20,31,43,32,26,26,38,14,8,29
"d__Bacteria;p__Patescibacteria;c__Gracilibacteria;__;__",0,0,0,0,0,0,0,0,0,0,0,0,10,3,3,5,4,4,0,0,12,6,0,0,3,4
"d__Bacteria;p__Elusimicrobiota;c__Lineage_IIb;o__Lineage_IIb;f__Lineage_IIb",0,0,0,0,0,0,0,0,0,0,0,0,40,27,52,39,44,88,45,51,26,21,23,30,37,21
"d__Bacteria;p__Acidobacteriota;c__Thermoanaerobaculia;o__Thermoanaerobaculales;f__Thermoanaerobaculaceae",0,0,0,0,0,0,0,0,0,0,0,0,559,580,612,738,605,634,599,610,579,576,434,641,559,538
"d__Bacteria;p__Chloroflexi;c__Anaerolineae;o__RBG-13-54-9;f__RBG-13-54-9",0,0,0,0,0,0,0,0,0,0,0,0,83,60,68,49,32,66,65,51,50,78,31,43,58,92
"d__Bacteria;p__Planctomycetota;c__Planctomycetes;o__Planctomycetales;f__uncultured",0,0,0,0,0,0,0,0,0,0,0,0,300,279,279,259,211,280,464,494,384,369,350,327,352,360
"d__Bacteria;p__Actinobacteriota;c__Actinobacteria;o__Frankiales;__",0,0,0,0,0,0,0,0,0,0,0,0,548,502,546,625,516,477,521,530,452,556,652,441,455,527
"d__Bacteria;p__Verrucomicrobiota;c__Omnitrophia;o__Omnitrophales;f__Omnitrophaceae",0,0,0,0,0,0,0,0,0,0,0,0,4,5,2,12,11,6,10,27,6,6,8,26,0,0
"d__Bacteria;p__Firmicutes;c__Bacilli;__;__",0,0,0,0,0,0,0,0,0,0,0,0,27,36,30,29,38,48,0,2,0,2,8,3,2,0
"d__Bacteria;p__Firmicutes;c__Negativicutes;o__Veillonellales-Selenomonadales;f__Sporomusaceae",0,0,0,0,0,0,0,0,0,0,0,0,17,2,5,8,6,10,7,10,15,19,8,15,7,22
"d__Bacteria;p__Bacteroidota;c__Bacteroidia;o__Cytophagales;__",0,0,0,0,0,0,0,0,0,0,0,0,46,62,73,37,31,36,11,39,33,31,34,70,40,21
"d__Bacteria;p__Patescibacteria;c__Parcubacteria;__;__",0,0,0,0,0,0,0,0,0,0,0,0,8,10,19,12,6,10,0,0,0,0,0,0,0,0
"d__Bacteria;p__Bdellovibrionota;c__Oligoflexia;o__Oligoflexales;f__uncultured",0,0,0,0,0,0,0,0,0,0,0,0,66,60,67,51,57,62,27,9,34,32,22,42,29,45
"d__Bacteria;p__Firmicutes;c__Clostridia;o__Clostridia;f__Hungateiclostridiaceae",0,0,0,0,0,0,0,0,0,0,0,0,56,45,61,61,51,60,23,29,28,38,57,19,20,45
"d__Bacteria;p__Chloroflexi;c__Ktedonobacteria;o__C0119;f__C0119",0,0,0,0,0,0,0,0,0,0,0,0,614,549,555,598,481,683,704,609,764,716,662,691,654,718
"d__Bacteria;p__Bacteroidota;c__Bacteroidia;o__Bacteroidales;f__Prolixibacteraceae",0,0,0,0,0,0,0,0,0,0,0,0,7,4,10,5,4,7,4,18,3,9,15,9,4,0
"d__Bacteria;p__Actinobacteriota;c__Actinobacteria;o__Streptosporangiales;f__Streptosporangiaceae",0,0,0,0,0,0,0,0,0,0,0,0,219,234,233,251,248,256,199,187,170,178,208,268,196,238
"d__Bacteria;p__Proteobacteria;c__Alphaproteobacteria;o__Paracaedibacterales;f__Paracaedibacteraceae",0,0,0,0,0,0,0,0,0,0,0,0,5,33,19,5,5,12,23,2,6,9,7,14,4,12
"d__Bacteria;p__Proteobacteria;c__Gammaproteobacteria;o__Coxiellales;f__Coxiellaceae",0,0,0,0,0,0,0,0,0,0,0,0,7,13,17,6,0,17,11,6,10,15,6,8,8,8
"d__Bacteria;p__Patescibacteria;c__Microgenomatia;o__Microgenomatia;f__Microgenomatia",0,0,0,0,0,0,0,0,0,0,0,0,7,0,4,7,0,0,4,6,0,9,1,2,3,24
"d__Bacteria;p__Firmicutes;c__Clostridia;o__Thermincolales;f__Thermincolaceae",0,0,0,0,0,0,0,0,0,0,0,0,16,16,9,4,15,22,9,31,5,9,21,23,4,2
"d__Bacteria;p__Proteobacteria;c__Gammaproteobacteria;o__Burkholderiales;f__A21b",0,0,0,0,0,0,0,0,0,0,0,0,51,15,54,40,44,63,11,26,28,34,37,36,9,34
"d__Bacteria;p__Acidobacteriota;__;__;__",0,0,0,0,0,0,0,0,0,0,0,0,3,0,0,2,11,6,4,14,4,3,1,4,0,12
"d__Bacteria;p__Proteobacteria;c__Alphaproteobacteria;o__Caulobacterales;f__Hyphomonadaceae",0,0,0,0,0,0,0,0,0,0,0,0,50,68,55,52,80,66,48,41,24,57,50,35,54,65
"d__Bacteria;p__Bacteroidota;c__Bacteroidia;o__Cytophagales;f__Cyclobacteriaceae",0,0,0,0,0,0,0,0,0,0,0,0,52,71,111,87,92,60,67,54,53,75,54,52,47,42
"d__Bacteria;p__Chloroflexi;c__JG30-KF-CM66;o__JG30-KF-CM66;f__JG30-KF-CM66",0,0,0,0,0,0,0,0,0,0,0,0,711,577,586,545,697,574,857,720,842,836,851,793,776,687
"d__Bacteria;p__Proteobacteria;c__Alphaproteobacteria;o__uncultured;f__uncultured",0,0,0,0,0,0,0,0,0,0,0,0,126,184,111,125,122,111,90,116,120,82,116,165,129,109
"d__Bacteria;p__Proteobacteria;c__Gammaproteobacteria;o__Steroidobacterales;f__Steroidobacteraceae",0,0,0,0,0,0,0,0,0,0,0,0,1252,1097,1123,1129,1207,1251,902,895,956,890,1078,996,923,1092
"d__Bacteria;p__Proteobacteria;c__Alphaproteobacteria;o__Rhizobiales;__",0,0,0,0,0,0,0,0,0,0,0,0,53,63,79,70,56,48,55,50,75,48,38,31,24,45
"d__Bacteria;p__Acidobacteriota;c__Acidobacteriae;__;__",0,0,0,0,0,0,0,0,0,0,0,0,2,0,7,6,7,12,0,1,5,0,0,0,0,7
"d__Bacteria;p__Acidobacteriota;c__Acidobacteriae;o__Acidobacteriales;f__Acidobacteriaceae_(Subgroup_1)",0,0,0,0,0,0,0,0,0,0,0,0,0,1,13,3,6,12,1,9,3,0,1,4,7,7
"d__Bacteria;p__Proteobacteria;c__Gammaproteobacteria;o__R7C24;f__R7C24",0,0,0,0,0,0,0,0,0,0,0,0,101,55,88,85,85,77,61,90,99,80,79,76,93,75
"d__Bacteria;p__Elusimicrobiota;c__Lineage_IIa;o__Lineage_IIa;f__Lineage_IIa",0,0,0,0,0,0,0,0,0,0,0,0,46,79,55,44,39,68,42,51,28,27,43,18,26,33
"d__Bacteria;p__Myxococcota;c__Myxococcia;o__Myxococcales;__",0,0,0,0,0,0,0,0,0,0,0,0,5,17,8,3,3,15,0,4,1,21,3,0,13,0
"d__Bacteria;p__Bacteroidota;c__Kapabacteria;o__Kapabacteriales;f__Kapabacteriales",0,0,0,0,0,0,0,0,0,0,0,0,164,157,183,168,222,147,128,118,141,235,124,126,105,129
"d__Bacteria;p__Chloroflexi;c__OLB14;o__OLB14;f__OLB14",0,0,0,0,0,0,0,0,0,0,0,0,15,16,47,36,64,46,49,46,22,36,48,55,36,20
"d__Bacteria;p__Patescibacteria;c__Gracilibacteria;o__Candidatus_Peribacteria;f__Candidatus_Peribacteria",0,0,0,0,0,0,0,0,0,0,0,0,0,3,8,10,1,3,14,22,2,6,3,13,8,9
"d__Bacteria;p__Armatimonadota;c__Armatimonadia;o__Armatimonadales;f__Armatimonadales",0,0,0,0,0,0,0,0,0,0,0,0,114,83,72,76,68,100,73,65,81,81,106,81,90,132
"d__Bacteria;p__Bacteroidota;c__Bacteroidia;o__Chitinophagales;f__37-13",0,0,0,0,0,0,0,0,0,0,0,0,8,19,14,14,6,8,10,12,22,12,26,7,18,20
"d__Bacteria;p__Patescibacteria;c__Berkelbacteria;o__Berkelbacteria;f__Berkelbacteria",0,0,0,0,0,0,0,0,0,0,0,0,0,3,8,6,3,6,12,0,10,10,4,14,16,27
"d__Bacteria;p__Proteobacteria;c__Alphaproteobacteria;o__Rhodospirillales;f__Rhodospirillaceae",0,0,0,0,0,0,0,0,0,0,0,0,41,33,77,46,48,48,47,36,41,18,25,26,48,42
"d__Bacteria;p__Actinobacteriota;c__Actinobacteria;o__Frankiales;f__Frankiales",0,0,0,0,0,0,0,0,0,0,0,0,16,6,13,4,9,15,25,13,14,8,14,3,9,20
"d__Bacteria;p__Actinobacteriota;c__Actinobacteria;o__Frankiales;f__Sporichthyaceae",0,0,0,0,0,0,0,0,0,0,0,0,90,117,81,111,114,101,97,116,67,94,70,78,127,95
"d__Bacteria;p__Acidobacteriota;c__Acidobacteriae;o__Acidobacteriales;f__uncultured",0,0,0,0,0,0,0,0,0,0,0,0,38,35,35,50,51,33,14,54,37,25,51,8,37,44
"d__Bacteria;p__Acidobacteriota;c__Subgroup_5;o__Subgroup_5;f__Subgroup_5",0,0,0,0,0,0,0,0,0,0,0,0,147,133,153,96,133,127,89,142,69,141,114,81,114,88
"d__Bacteria;p__Acidobacteriota;c__Acidobacteriae;o__Acidobacteriae;f__Acidobacteriae",0,0,0,0,0,0,0,0,0,0,0,0,62,28,23,42,25,44,34,31,21,28,27,7,29,32
"d__Bacteria;p__Actinobacteriota;c__Acidimicrobiia;o__Microtrichales;f__Microtrichaceae",0,0,0,0,0,0,0,0,0,0,0,0,105,105,121,106,76,77,90,74,108,90,87,102,78,68
"d__Bacteria;p__Bacteroidota;c__Bacteroidia;o__Flavobacteriales;f__NS9_marine_group",0,0,0,0,0,0,0,0,0,0,0,0,17,9,4,6,12,4,8,18,1,15,5,10,12,3
"d__Bacteria;p__Bdellovibrionota;c__Oligoflexia;o__Oligoflexales;f__Oligoflexales",0,0,0,0,0,0,0,0,0,0,0,0,36,54,29,46,48,47,54,18,28,40,41,33,37,31
"d__Bacteria;p__Latescibacterota;c__Latescibacterota;o__Latescibacterota;f__Latescibacterota",0,0,0,0,0,0,0,0,0,0,0,0,36,56,86,34,45,56,41,51,59,72,98,45,52,83
"d__Bacteria;p__Proteobacteria;c__Gammaproteobacteria;o__Cellvibrionales;f__Spongiibacteraceae",0,0,0,0,0,0,0,0,0,0,0,0,3,0,1,13,21,0,2,6,0,10,4,0,0,0
"d__Bacteria;p__Actinobacteriota;c__Acidimicrobiia;o__Microtrichales;__",0,0,0,0,0,0,0,0,0,0,0,0,82,77,101,87,96,78,55,98,67,77,64,84,63,53
"d__Bacteria;p__Acidobacteriota;c__Subgroup_25;o__Subgroup_25;f__Subgroup_25",0,0,0,0,0,0,0,0,0,0,0,0,22,5,11,7,22,0,30,18,16,17,13,37,57,10
"d__Bacteria;p__Chloroflexi;c__Anaerolineae;o__Ardenticatenales;f__Ardenticatenaceae",0,0,0,0,0,0,0,0,0,0,0,0,47,18,25,32,41,29,22,21,27,24,38,21,42,25
"d__Bacteria;p__Myxococcota;__;__;__",0,0,0,0,0,0,0,0,0,0,0,0,3,8,9,7,2,0,4,9,9,0,2,1,2,6
"d__Bacteria;p__Chloroflexi;c__Chloroflexia;o__Chloroflexales;f__Herpetosiphonaceae",0,0,0,0,0,0,0,0,0,0,0,0,138,107,168,132,126,114,194,188,189,133,152,178,166,156
"d__Bacteria;p__Chloroflexi;c__SHA-26;o__SHA-26;f__SHA-26",0,0,0,0,0,0,0,0,0,0,0,0,10,5,10,1,12,6,1,3,2,2,5,11,6,1
"d__Bacteria;p__Bacteroidota;c__Bacteroidia;o__Sphingobacteriales;f__AKYH767",0,0,0,0,0,0,0,0,0,0,0,0,110,78,70,56,54,108,73,61,46,76,40,56,59,57
"d__Bacteria;p__Chloroflexi;c__Anaerolineae;o__SBR1031;__",0,0,0,0,0,0,0,0,0,0,0,0,11,20,16,10,5,17,25,3,32,34,12,18,10,11
"d__Bacteria;p__Chloroflexi;c__Chloroflexia;o__Thermomicrobiales;f__Thermomicrobiaceae",0,0,0,0,0,0,0,0,0,0,0,0,69,36,48,68,73,104,77,95,112,70,135,122,101,99
"d__Bacteria;p__Planctomycetota;c__Phycisphaerae;o__Tepidisphaerales;f__Tepidisphaeraceae",0,0,0,0,0,0,0,0,0,0,0,0,35,18,35,26,36,24,1,0,0,2,0,0,0,0
"d__Bacteria;p__Planctomycetota;c__Planctomycetes;o__uncultured;f__uncultured",0,0,0,0,0,0,0,0,0,0,0,0,248,210,250,250,252,155,304,353,465,350,399,334,361,393
"d__Bacteria;p__Proteobacteria;c__Alphaproteobacteria;o__Elsterales;f__Elsteraceae",0,0,0,0,0,0,0,0,0,0,0,0,15,30,32,28,31,14,10,23,11,33,15,10,28,17
"d__Bacteria;p__Bacteroidota;c__SJA-28;o__SJA-28;f__SJA-28",0,0,0,0,0,0,0,0,0,0,0,0,16,0,11,6,0,10,5,0,2,1,0,0,2,0
"d__Bacteria;p__Bacteroidota;c__Bacteroidia;o__Sphingobacteriales;f__KD3-93",0,0,0,0,0,0,0,0,0,0,0,0,41,66,58,51,69,59,54,42,47,46,56,50,36,41
"d__Bacteria;p__Bdellovibrionota;__;__;__",0,0,0,0,0,0,0,0,0,0,0,0,13,4,7,2,3,0,6,7,13,5,1,0,11,18
"d__Bacteria;p__Bacteroidota;c__Bacteroidia;o__Sphingobacteriales;__",0,0,0,0,0,0,0,0,0,0,0,0,10,7,2,12,7,1,4,0,2,0,12,5,8,0
"d__Bacteria;p__Acidobacteriota;c__Acidobacteriae;o__Acidobacteriales;__",0,0,0,0,0,0,0,0,0,0,0,0,1,8,10,14,16,7,3,12,5,3,3,0,4,3
"d__Bacteria;p__Proteobacteria;c__Alphaproteobacteria;o__Azospirillales;f__uncultured",0,0,0,0,0,0,0,0,0,0,0,0,109,62,126,51,95,80,81,87,122,105,82,84,85,59
"d__Bacteria;p__Firmicutes;c__Bacilli;o__Brevibacillales;f__Brevibacillaceae",0,0,0,0,0,0,0,0,0,0,0,0,7,7,7,9,2,7,7,11,2,3,15,4,8,0
"d__Bacteria;p__Proteobacteria;c__Alphaproteobacteria;o__Rhizobiales;f__KF-JG30-B3",0,0,0,0,0,0,0,0,0,0,0,0,73,76,67,39,76,119,87,57,74,49,87,65,82,63
"d__Bacteria;p__Proteobacteria;c__Alphaproteobacteria;o__Micropepsales;f__Micropepsaceae",0,0,0,0,0,0,0,0,0,0,0,0,103,82,104,104,116,124,107,66,66,103,118,105,88,79
"d__Bacteria;p__Cyanobacteria;c__Vampirivibrionia;o__Obscuribacterales;f__Obscuribacteraceae",0,0,0,0,0,0,0,0,0,0,0,0,11,26,3,11,29,19,34,7,19,8,0,24,7,3
"d__Bacteria;p__WS2;c__WS2;o__WS2;f__WS2",0,0,0,0,0,0,0,0,0,0,0,0,2,0,0,11,6,2,13,16,10,3,3,6,16,3
"d__Bacteria;p__Armatimonadota;c__Chthonomonadetes;o__Chthonomonadales;f__Chthonomonadaceae",0,0,0,0,0,0,0,0,0,0,0,0,43,54,40,55,34,35,53,117,74,60,68,67,86,82
"d__Bacteria;p__Firmicutes;c__Clostridia;o__Clostridiales;f__Caloramatoraceae",0,0,0,0,0,0,0,0,0,0,0,0,14,5,0,12,17,15,4,0,5,5,11,4,6,2
"d__Bacteria;p__Proteobacteria;c__Gammaproteobacteria;o__Burkholderiales;f__B1-7BS",0,0,0,0,0,0,0,0,0,0,0,0,36,32,28,34,28,19,20,26,9,30,19,37,17,41
"d__Bacteria;p__Chloroflexi;c__Anaerolineae;o__Anaerolineae;f__Anaerolineae",0,0,0,0,0,0,0,0,0,0,0,0,1,1,1,0,1,0,8,7,4,14,3,0,0,6
"d__Bacteria;p__Bacteroidota;c__Bacteroidia;o__Chitinophagales;f__Saprospiraceae",0,0,0,0,0,0,0,0,0,0,0,0,126,118,122,129,127,123,114,90,83,96,96,116,70,98
"d__Bacteria;p__Myxococcota;c__Myxococcia;o__Myxococcales;f__Vulgatibacteraceae",0,0,0,0,0,0,0,0,0,0,0,0,7,5,3,13,4,15,15,9,15,3,15,0,14,11
"d__Bacteria;p__Chloroflexi;c__Chloroflexia;o__Thermomicrobiales;__",0,0,0,0,0,0,0,0,0,0,0,0,30,50,11,13,35,16,22,24,5,16,13,32,14,12
"d__Bacteria;p__Actinobacteriota;c__Actinobacteria;o__Kineosporiales;f__Kineosporiaceae",0,0,0,0,0,0,0,0,0,0,0,0,1318,1502,1464,1513,1496,1243,1297,1402,1379,1374,1360,1441,1262,1054
"d__Bacteria;p__Desulfobacterota;c__Desulfuromonadia;o__Geobacterales;f__Geobacteraceae",0,0,0,0,0,0,0,0,0,0,0,0,19,20,32,19,41,31,23,41,21,32,15,81,20,47
"d__Bacteria;p__Actinobacteriota;c__Thermoleophilia;__;__",0,0,0,0,0,0,0,0,0,0,0,0,17,8,6,12,12,7,5,2,0,9,4,8,2,3
"d__Bacteria;p__Bacteroidota;c__Bacteroidia;o__Chitinophagales;f__uncultured",0,0,0,0,0,0,0,0,0,0,0,0,5,7,2,1,4,0,11,9,0,11,0,6,17,8
"d__Bacteria;p__Fibrobacterota;c__Fibrobacteria;o__Fibrobacterales;f__Fibrobacteraceae",0,0,0,0,0,0,0,0,0,0,0,0,95,115,111,101,120,138,84,63,86,86,103,93,93,92
"d__Bacteria;p__Actinobacteriota;c__Actinobacteria;o__Streptosporangiales;f__Streptosporangiales_Incertae_Sedis",0,0,0,0,0,0,0,0,0,0,0,0,84,46,74,75,72,54,69,74,87,82,97,61,51,35
"d__Bacteria;p__Planctomycetota;c__Planctomycetes;o__Planctomycetales;__",0,0,0,0,0,0,0,0,0,0,0,0,0,4,7,7,5,2,0,1,9,4,0,2,15,9
"d__Bacteria;p__Proteobacteria;c__Gammaproteobacteria;o__Nitrosococcales;f__Nitrosococcaceae",0,0,0,0,0,0,0,0,0,0,0,0,295,335,282,267,319,349,243,314,317,271,309,248,308,310
"d__Bacteria;p__Actinobacteriota;c__Actinobacteria;o__Frankiales;f__uncultured",0,0,0,0,0,0,0,0,0,0,0,0,55,83,67,57,72,55,73,64,88,78,65,78,66,56
"d__Bacteria;p__Proteobacteria;c__Alphaproteobacteria;o__Puniceispirillales;f__Puniceispirillales_Incertae_Sedis",0,0,0,0,0,0,0,0,0,0,0,0,1,3,9,6,2,7,11,0,3,7,0,7,4,6
"d__Bacteria;p__Proteobacteria;c__Alphaproteobacteria;o__Rhizobiales;f__Pleomorphomonadaceae",0,0,0,0,0,0,0,0,0,0,0,0,5,9,3,2,10,4,16,0,21,6,6,9,7,0
"d__Bacteria;p__Proteobacteria;c__Gammaproteobacteria;o__Oceanospirillales;f__Pseudohongiellaceae",0,0,0,0,0,0,0,0,0,0,0,0,114,134,97,97,105,130,101,67,88,127,96,85,112,91
"d__Bacteria;p__Planctomycetota;c__Phycisphaerae;o__Tepidisphaerales;f__CPla-3_termite_group",0,0,0,0,0,0,0,0,0,0,0,0,32,40,24,20,24,14,68,34,23,31,36,20,18,50
"d__Bacteria;p__Bacteroidota;c__Bacteroidia;o__Bacteroidetes_VC2.1_Bac22;f__Bacteroidetes_VC2.1_Bac22",0,0,0,0,0,0,0,0,0,0,0,0,15,10,7,3,16,17,10,17,5,5,5,11,0,3
"d__Bacteria;p__Armatimonadota;c__Armatimonadia;o__Armatimonadales;f__Armatimonadaceae",0,0,0,0,0,0,0,0,0,0,0,0,2,2,3,2,0,2,10,7,0,4,16,1,6,12
"d__Bacteria;p__Armatimonadota;__;__;__",0,0,0,0,0,0,0,0,0,0,0,0,17,18,10,8,9,12,25,27,9,7,11,15,3,20
"d__Bacteria;p__Verrucomicrobiota;c__Verrucomicrobiae;o__UA11;f__UA11",0,0,0,0,0,0,0,0,0,0,0,0,22,21,25,7,16,6,8,17,49,35,13,23,12,5
"d__Bacteria;p__Bacteroidota;c__Bacteroidia;o__Flavobacteriales;f__Crocinitomicaceae",0,0,0,0,0,0,0,0,0,0,0,0,40,39,38,27,38,36,31,20,10,34,39,49,36,41
"d__Bacteria;p__Firmicutes;c__Bacilli;o__Alicyclobacillales;f__Alicyclobacillaceae",0,0,0,0,0,0,0,0,0,0,0,0,167,128,175,139,153,179,156,169,157,140,170,162,161,142
"d__Bacteria;p__Acidobacteriota;c__Vicinamibacteria;o__Vicinamibacterales;__",0,0,0,0,0,0,0,0,0,0,0,0,11,5,6,10,8,12,21,18,7,22,0,19,26,13
"d__Bacteria;p__Proteobacteria;c__Alphaproteobacteria;o__Rhizobiales;f__A0839",0,0,0,0,0,0,0,0,0,0,0,0,11,6,4,6,4,6,12,1,3,4,10,3,0,3
"d__Bacteria;p__Desulfobacterota;c__uncultured;o__uncultured;f__uncultured",0,0,0,0,0,0,0,0,0,0,0,0,19,45,34,26,29,30,21,25,17,38,48,22,13,25
"d__Bacteria;p__Proteobacteria;c__Alphaproteobacteria;o__Dongiales;f__Dongiaceae",0,0,0,0,0,0,0,0,0,0,0,0,135,136,184,165,157,145,124,117,96,163,154,145,163,148
"d__Bacteria;p__Proteobacteria;c__Alphaproteobacteria;o__Rhizobiales;f__D05-2",0,0,0,0,0,0,0,0,0,0,0,0,11,19,12,44,16,15,29,19,6,9,7,21,8,27
"d__Bacteria;p__Actinobacteriota;c__Actinobacteria;o__Glycomycetales;f__Glycomycetaceae",0,0,0,0,0,0,0,0,0,0,0,0,4,6,6,6,7,20,3,3,1,20,3,1,0,0
"d__Bacteria;p__Chloroflexi;c__Ktedonobacteria;o__Ktedonobacterales;f__Ktedonobacteraceae",0,0,0,0,0,0,0,0,0,0,0,0,5,6,5,5,5,0,2,3,5,0,0,5,8,3
"d__Bacteria;p__Acidobacteriota;c__Acidobacteriae;o__Acidobacteriales;f__Koribacteraceae",0,0,0,0,0,0,0,0,0,0,0,0,0,13,1,1,3,6,5,6,5,6,8,4,4,0
"d__Bacteria;p__Proteobacteria;c__Alphaproteobacteria;o__Rhizobiales;f__Rhodomicrobiaceae",0,0,0,0,0,0,0,0,0,0,0,0,62,53,26,75,34,31,52,28,33,22,58,44,29,40
"d__Bacteria;p__Actinobacteriota;c__Actinobacteria;o__Micrococcales;f__Bogoriellaceae",0,0,0,0,0,0,0,0,0,0,0,0,24,37,18,31,24,33,10,16,17,31,13,35,19,20
"d__Bacteria;p__Proteobacteria;c__Alphaproteobacteria;o__Azospirillales;f__Inquilinaceae",0,0,0,0,0,0,0,0,0,0,0,0,51,33,37,28,60,41,57,30,30,23,43,36,25,21
"d__Bacteria;p__Actinobacteriota;c__Actinobacteria;o__Frankiales;f__Cryptosporangiaceae",0,0,0,0,0,0,0,0,0,0,0,0,298,387,287,291,301,285,320,294,303,317,316,329,373,291
"d__Bacteria;p__Proteobacteria;c__Alphaproteobacteria;o__Rhodospirillales;f__Magnetospiraceae",0,0,0,0,0,0,0,0,0,0,0,0,0,11,7,2,5,0,3,1,7,4,0,10,8,3
"d__Bacteria;p__Proteobacteria;c__Alphaproteobacteria;o__Sneathiellales;f__Sneathiellaceae",0,0,0,0,0,0,0,0,0,0,0,0,2,7,3,13,5,0,1,7,9,5,6,7,0,6
"d__Bacteria;p__Proteobacteria;c__Alphaproteobacteria;o__Azospirillales;__",0,0,0,0,0,0,0,0,0,0,0,0,11,0,16,5,14,9,5,0,0,18,0,20,0,0
"d__Bacteria;p__Cyanobacteria;c__Cyanobacteriia;o__Cyanobacteriales;f__Phormidiaceae",0,0,0,0,0,0,0,0,0,0,0,0,11,14,10,22,10,11,17,21,18,20,15,18,3,15
"d__Bacteria;p__Proteobacteria;c__Alphaproteobacteria;o__Rhizobiales;f__Rhizobiales",0,0,0,0,0,0,0,0,0,0,0,0,11,18,12,9,0,3,7,16,6,8,29,14,12,13
"d__Bacteria;p__Proteobacteria;c__Alphaproteobacteria;o__Rhizobiales;f__Rhodobiaceae",0,0,0,0,0,0,0,0,0,0,0,0,218,267,195,244,216,212,131,132,134,152,173,190,191,120
"d__Bacteria;p__Actinobacteriota;c__Acidimicrobiia;o__Microtrichales;f__Microtrichales",0,0,0,0,0,0,0,0,0,0,0,0,21,43,38,34,37,32,42,27,42,41,31,35,39,20
